date,price,prev_pos,action,new_pos,turnover,reward,portfolio_value,trade
2024-02-14,487.97979736328125,0.0,-1.0,-1.0,1.0,-0.001,0.999,SELL
2024-02-15,491.3467102050781,-1.0,-1.0,-1.0,0.0,-0.006899697240442038,0.9921072024567984,HOLD
2024-02-16,488.89990234375,-1.0,-1.0,-1.0,0.0,0.004979799035936594,0.9970476969471385,HOLD
2024-02-20,486.20831298828125,-1.0,-1.0,-1.0,0.0,0.005505399778485298,1.0025368431170505,HOLD
2024-02-21,486.648681640625,-1.0,-1.0,-1.0,0.0,-0.0009057201095856726,1.0016288253376389,HOLD
2024-02-22,496.7201232910156,-1.0,-1.0,-1.0,0.0,-0.020695507526397705,0.9808996084442069,HOLD
2024-02-23,497.0627136230469,-1.0,-1.0,-1.0,0.0,-0.0006897049606777728,0.980223077118336,HOLD
2024-02-26,495.2422180175781,-1.0,-1.0,-1.0,0.0,0.003662506816908717,0.9838131508203731,HOLD
2024-02-27,496.1622619628906,-1.0,-1.0,-1.0,0.0,-0.001857765601016581,0.9819854565909513,HOLD
2024-02-28,495.5064697265625,-1.0,-1.0,-1.0,0.0,0.0013217293890193105,0.9832833756285171,HOLD
2024-02-29,497.2878112792969,-1.0,-1.0,-1.0,0.0,-0.0035949915181845427,0.9797484802331607,HOLD
2024-03-01,501.9565124511719,-1.0,-1.0,-1.0,0.0,-0.009388328529894352,0.9705502796240671,HOLD
2024-03-04,501.418212890625,-1.0,-1.0,-1.0,0.0,0.001072402810677886,0.9715911004718402,HOLD
2024-03-05,496.406982421875,-1.0,-1.0,-1.0,0.0,0.009994113817811012,0.981301292514328,HOLD
2024-03-06,498.92236328125,-1.0,-1.0,-1.0,0.0,-0.005067174788564444,0.9763288673449136,HOLD
2024-03-07,503.8748779296875,-1.0,-1.0,-1.0,0.0,-0.00992642343044281,0.9666374136002834,HOLD
2024-03-08,500.8505554199219,-1.0,-1.0,-1.0,0.0,0.00600212998688221,0.9724392970068959,HOLD
2024-03-11,500.41986083984375,-1.0,-1.0,-1.0,0.0,0.0008599263383075595,0.9732755231707975,HOLD
2024-03-12,505.8030700683594,-1.0,-1.0,-1.0,0.0,-0.010757384821772575,0.9628056238304372,HOLD
2024-03-13,505.0102233886719,-1.0,-1.0,-1.0,0.0,0.0015675007598474622,0.9643148223773769,HOLD
2024-03-14,504.0119323730469,-1.0,-1.0,-1.0,0.0,0.001976773841306567,0.9662210546930367,HOLD
2024-03-15,500.5510559082031,-1.0,-1.0,-1.0,0.0,0.00686665577813983,0.9728557620812049,HOLD
2024-03-18,503.5259094238281,-1.0,-1.0,-1.0,0.0,-0.0059431567788124084,0.9670739277639854,HOLD
2024-03-19,506.32403564453125,-1.0,-1.0,-1.0,0.0,-0.005557064898312092,0.9616998351859354,HOLD
2024-03-20,511.0072021484375,-1.0,-1.0,-1.0,0.0,-0.00924934633076191,0.952804740344064,HOLD
2024-03-21,512.6958618164062,-1.0,-1.0,-1.0,0.0,-0.003304571146145463,0.9496561292912125,HOLD
2024-03-22,511.72393798828125,-1.0,-1.0,-1.0,0.0,0.001895712222903967,0.9514564040230655,HOLD
2024-03-25,510.31024169921875,-1.0,-1.0,-1.0,0.0,0.0027626152150332928,0.9540849119612606,HOLD
2024-03-26,509.36761474609375,-1.0,-1.0,-1.0,0.0,0.001847164472565055,0.9558472637144457,HOLD
2024-03-27,513.6482543945312,-1.0,-1.0,-1.0,0.0,-0.008403831161558628,0.9478144846939517,HOLD
2024-03-28,513.5501098632812,-1.0,-1.0,-1.0,0.0,0.00019107342814095318,0.9479955868567838,HOLD
2024-04-01,512.6565551757812,-1.0,-1.0,-1.0,0.0,0.0017399562057107687,0.9496450576611216,HOLD
2024-04-02,509.3971862792969,-1.0,-1.0,-1.0,0.0,0.006357802078127861,0.9556827129822033,HOLD
2024-04-03,509.9566955566406,-1.0,-1.0,-1.0,0.0,-0.0010983753018081188,0.9546330146938987,HOLD
2024-04-04,503.73211669921875,-1.0,-1.0,-1.0,0.0,0.012206093408167362,0.9662853544417729,HOLD
2024-04-05,508.9945068359375,-1.0,-1.0,-1.0,0.0,-0.010446802712976933,0.9561907619794807,HOLD
2024-04-08,509.27923583984375,-1.0,-1.0,-1.0,0.0,-0.0005593950627371669,0.9556558735881945,HOLD
2024-04-09,509.8683776855469,-1.0,-1.0,-1.0,0.0,-0.0011568149784579873,0.9545503565593763,HOLD
2024-04-10,504.762939453125,-1.0,-1.0,-1.0,0.0,0.010013247840106487,0.9641085058554673,HOLD
2024-04-11,508.5724182128906,-1.0,-1.0,-1.0,0.0,-0.007547065149992704,0.9568323161501139,HOLD
2024-04-12,501.5525207519531,-1.0,-1.0,-1.0,0.0,0.013803142122924328,0.9700396085977407,HOLD
2024-04-15,495.2690124511719,-1.0,-1.0,-1.0,0.0,0.012528115883469582,0.9821923772258088,HOLD
2024-04-16,494.3656921386719,-1.0,-1.0,-1.0,0.0,0.0018238982884213328,0.9839837962215314,HOLD
2024-04-17,491.4399108886719,-1.0,-1.0,-1.0,0.0,0.0059182532131671906,0.9898072614852239,HOLD
2024-04-18,490.4287414550781,-1.0,-1.0,-1.0,0.0,0.002057564677670598,0.9918438539441577,HOLD
2024-04-19,486.1480712890625,-1.0,-1.0,-1.0,0.0,0.008728424087166786,1.0005010877296323,HOLD
2024-04-22,490.6250915527344,-1.0,-1.0,-1.0,0.0,-0.009209170006215572,0.9912873031213265,HOLD
2024-04-23,496.4471435546875,-1.0,-1.0,-1.0,0.0,-0.011866600252687931,0.9795240929596206,HOLD
2024-04-24,496.2115478515625,-1.0,-1.0,-1.0,0.0,0.00047456350876018405,0.9799889393500907,HOLD
2024-04-25,494.3264465332031,-1.0,-1.0,-1.0,0.0,0.003798987250775099,0.9837119048365823,HOLD
2024-04-26,499.0096740722656,-1.0,-1.0,-1.0,0.0,-0.009473957121372223,0.9743922604303772,HOLD
2024-04-29,500.7768859863281,-1.0,-1.0,-1.0,0.0,-0.003541438141837716,0.9709415105141775,HOLD
2024-04-30,492.8439636230469,-1.0,-1.0,-1.0,0.0,0.015841230750083923,0.9863224190270676,HOLD
2024-05-01,491.24359130859375,-1.0,-1.0,-1.0,0.0,0.0032472191378474236,0.9895252240622203,HOLD
2024-05-02,495.83843994140625,-1.0,-1.0,-1.0,0.0,-0.009353503584861755,0.9802696963316432,HOLD
2024-05-03,501.9845275878906,-1.0,-1.0,-1.0,0.0,-0.0123953428119421,0.968118917397454,HOLD
2024-05-06,507.16839599609375,-1.0,-1.0,-1.0,0.0,-0.01032674964517355,0.9581213957107341,HOLD
2024-05-07,507.72808837890625,-1.0,-1.0,-1.0,0.0,-0.0011035632342100143,0.9570640481645177,HOLD
2024-05-08,507.7770690917969,-1.0,-1.0,-1.0,0.0,-9.647036495152861e-05,0.9569717198465093,HOLD
2024-05-09,510.70281982421875,-1.0,-1.0,-1.0,0.0,-0.005761880427598953,0.95145776322416,HOLD
2024-05-10,511.3607177734375,-1.0,-1.0,-1.0,0.0,-0.001288220752030611,0.950232075588894,HOLD
2024-05-13,511.4294128417969,-1.0,-1.0,-1.0,0.0,-0.00013433779531624168,0.9501044235068206,HOLD
2024-05-14,513.77587890625,-1.0,-1.0,-1.0,0.0,-0.004588054493069649,0.9457452926376647,HOLD
2024-05-15,520.1380004882812,-1.0,-1.0,-1.0,0.0,-0.012383067980408669,0.934034064386781,HOLD
2024-05-16,519.0678100585938,-1.0,-1.0,-1.0,0.0,0.0020575125236064196,0.9359558511717319,HOLD
2024-05-17,519.81396484375,-1.0,-1.0,-1.0,0.0,-0.0014374899910762906,0.9346104240035832,HOLD
2024-05-20,520.4129028320312,-1.0,-1.0,-1.0,0.0,-0.0011522159911692142,0.9335335509275328,HOLD
2024-05-21,521.6892700195312,-1.0,-1.0,-1.0,0.0,-0.00245260470546782,0.9312439621478158,HOLD
2024-05-22,520.1870727539062,-1.0,-1.0,-1.0,0.0,0.0028794866520911455,0.9339254667066609,HOLD
2024-05-23,516.3875122070312,-1.0,-1.0,-1.0,0.0,0.007304219529032707,0.9407470633392406,HOLD
2024-05-24,519.8042602539062,-1.0,-1.0,-1.0,0.0,-0.006616635713726282,0.934522482722367,HOLD
2024-05-28,520.16748046875,-1.0,-1.0,-1.0,0.0,-0.0006987634696997702,0.9338694725498276,HOLD
2024-05-29,516.5248413085938,-1.0,-1.0,-1.0,0.0,0.007002819795161486,0.9404091921782965,HOLD
2024-05-30,513.0985107421875,-1.0,-1.0,-1.0,0.0,0.006633428391069174,0.9466473292129145,HOLD
2024-05-31,517.7718505859375,-1.0,-1.0,-1.0,0.0,-0.009108074940741062,0.9380251943959909,HOLD
2024-06-03,518.1939697265625,-1.0,-1.0,-1.0,0.0,-0.000815260864328593,0.9372604591652456,HOLD
2024-06-04,518.7732543945312,-1.0,-1.0,-1.0,0.0,-0.0011178915156051517,0.9362127036500326,HOLD
2024-06-05,524.9390258789062,-1.0,-1.0,-1.0,0.0,-0.011885291896760464,0.9250855423896966,HOLD
2024-06-06,524.9291381835938,-1.0,-1.0,-1.0,0.0,1.8835893570212647e-05,0.9251029672025164,HOLD
2024-06-07,524.291015625,-1.0,-1.0,-1.0,0.0,0.0012156355660408735,0.9262275552716978,HOLD
2024-06-10,525.9109497070312,-1.0,-1.0,-1.0,0.0,-0.003089761361479759,0.9233657331594814,HOLD
2024-06-11,527.177490234375,-1.0,-1.0,-1.0,0.0,-0.002408279338851571,0.92114201054211,HOLD
2024-06-12,531.5072631835938,-1.0,-1.0,-1.0,0.0,-0.008213121443986893,0.9135765593423694,HOLD
2024-06-13,532.577392578125,-1.0,-1.0,-1.0,0.0,-0.0020133862271904945,0.9117371768803053,HOLD
2024-06-14,532.9013671875,-1.0,-1.0,-1.0,0.0,-0.0006083145854063332,0.9111825538575519,HOLD
2024-06-17,537.1427612304688,-1.0,-1.0,-1.0,0.0,-0.007959060370922089,0.9039303969024687,HOLD
2024-06-18,538.5075073242188,-1.0,-1.0,-1.0,0.0,-0.002540751127526164,0.9016337347273335,HOLD
2024-06-20,537.0445556640625,-1.0,-1.0,-1.0,0.0,0.0027166781947016716,0.9040831834340747,HOLD
2024-06-21,536.3245849609375,-1.0,-1.0,-1.0,0.0,0.0013406163780018687,0.9052952121568625,HOLD
2024-06-24,534.5811767578125,-1.0,-1.0,-1.0,0.0,0.003250658744946122,0.908238017955018,HOLD
2024-06-25,536.6397094726562,-1.0,-1.0,-1.0,0.0,-0.0038507392164319754,0.9047406302014241,HOLD
2024-06-26,537.3096313476562,-1.0,-1.0,-1.0,0.0,-0.0012483643367886543,0.903611184264637,HOLD
2024-06-27,538.1566772460938,-1.0,-1.0,-1.0,0.0,-0.0015764576382935047,0.9021866795111556,HOLD
2024-06-28,536.0388793945312,-1.0,-1.0,-1.0,0.0,0.003935281187295914,0.9057370377784648,HOLD
2024-07-01,537.14208984375,-1.0,-1.0,-1.0,0.0,-0.002058079233393073,0.903872959190098,HOLD
2024-07-02,540.7568969726562,-1.0,-1.0,-1.0,0.0,-0.006729703862220049,0.8977901618456802,HOLD
2024-07-03,543.1701049804688,-1.0,-1.0,-1.0,0.0,-0.004462648648768663,0.8937836397930418,HOLD
2024-07-05,546.3023071289062,-1.0,-1.0,-1.0,0.0,-0.0057665216736495495,0.8886296170626218,HOLD
2024-07-08,546.9326782226562,-1.0,-1.0,-1.0,0.0,-0.0011538869002833962,0.8876042389882893,HOLD
2024-07-09,547.4645385742188,-1.0,-1.0,-1.0,0.0,-0.0009724420960992575,0.8867410952616209,HOLD
2024-07-10,552.8817749023438,-1.0,-1.0,-1.0,0.0,-0.009895136579871178,0.8779666710130226,HOLD
2024-07-11,548.1146240234375,-1.0,-1.0,-1.0,0.0,0.008622369728982449,0.8855368242602208,HOLD
2024-07-12,551.5718994140625,-1.0,-1.0,-1.0,0.0,-0.00630757724866271,0.8799512323346641,HOLD
2024-07-15,553.0887451171875,-1.0,-1.0,-1.0,0.0,-0.002750041661784053,0.8775313297854056,HOLD
2024-07-16,556.36865234375,-1.0,-1.0,-1.0,0.0,-0.005930164363235235,0.8723274247658898,HOLD
2024-07-17,548.5676879882812,-1.0,-1.0,-1.0,0.0,0.01402121502906084,0.8845585151642792,HOLD
2024-07-18,544.3521118164062,-1.0,-1.0,-1.0,0.0,0.007684696465730667,0.8913560788594941,HOLD
2024-07-19,540.7371826171875,-1.0,-1.0,-1.0,0.0,0.006640791893005371,0.8972753890817653,HOLD
2024-07-22,546.3121337890625,-1.0,-1.0,-1.0,0.0,-0.010309909470379353,0.8880245610503329,HOLD
2024-07-23,545.4552001953125,-1.0,-1.0,-1.0,0.0,0.0015685787657275796,0.889417497520241,HOLD
2024-07-24,533.0938720703125,-1.0,-1.0,-1.0,0.0,0.022662406787276268,0.909573838652766,HOLD
2024-07-25,530.3162231445312,-1.0,-1.0,-1.0,0.0,0.005210431292653084,0.9143131106446609,HOLD
2024-07-26,536.255615234375,-1.0,-1.0,-1.0,0.0,-0.011199718341231346,0.9040730613297456,HOLD
2024-07-29,536.5708618164062,-1.0,-1.0,-1.0,0.0,-0.0005878662341274321,0.9035415873038056,HOLD
2024-07-30,533.852294921875,-1.0,-1.0,-1.0,0.0,0.005066556856036186,0.9081194321276735,HOLD
2024-07-31,542.5298461914062,-1.0,-1.0,-1.0,0.0,-0.016254592686891556,0.893358320647387,HOLD
2024-08-01,534.8471069335938,-1.0,-1.0,-1.0,0.0,0.014160952530801296,0.906009125419071,HOLD
2024-08-02,524.88916015625,-1.0,-1.0,-1.0,0.0,0.018618306145071983,0.9228774806863521,HOLD
2024-08-05,509.6023864746094,-1.0,-1.0,-1.0,0.0,0.029123812913894653,0.9497551917763078,HOLD
2024-08-06,514.30078125,-1.0,-1.0,-1.0,0.0,-0.009219726547598839,0.940998708620968,HOLD
2024-08-07,510.8631896972656,-1.0,-1.0,-1.0,0.0,0.006684009917080402,0.9472883533213504,HOLD
2024-08-08,522.6729736328125,-1.0,-1.0,-1.0,0.0,-0.023117313161492348,0.9253895918033863,HOLD
2024-08-09,524.977783203125,-1.0,-1.0,-1.0,0.0,-0.0044096591882407665,0.9213089390871881,HOLD
2024-08-12,525.2535400390625,-1.0,-1.0,-1.0,0.0,-0.0005252733244560659,0.9208250000779027,HOLD
2024-08-13,533.8916625976562,-1.0,-1.0,-1.0,0.0,-0.016445623710751534,0.9056814586231687,HOLD
2024-08-14,535.575927734375,-1.0,-1.0,-1.0,0.0,-0.0031546945683658123,0.9028243102449806,HOLD
2024-08-15,544.755859375,-1.0,-1.0,-1.0,0.0,-0.017140299081802368,0.8873496315490597,HOLD
2024-08-16,545.9772338867188,-1.0,-1.0,-1.0,0.0,-0.002242058515548706,0.8853601417513761,HOLD
2024-08-19,551.1975708007812,-1.0,-1.0,-1.0,0.0,-0.009561454877257347,0.8768948107058981,HOLD
2024-08-20,550.3013305664062,-1.0,-1.0,-1.0,0.0,0.001625987235456705,0.8783206304749441,HOLD
2024-08-21,552.1923828125,-1.0,-1.0,-1.0,0.0,-0.0034363940358161926,0.8753023746988458,HOLD
2024-08-22,547.8584594726562,-1.0,-1.0,-1.0,0.0,0.00784857477992773,0.882172250841718,HOLD
2024-08-23,553.6796875,-1.0,-1.0,-1.0,0.0,-0.010625422932207584,0.8727987975774673,HOLD
2024-08-26,552.3598022460938,-1.0,-1.0,-1.0,0.0,0.002383842598646879,0.8748794125311802,HOLD
2024-08-27,553.1182861328125,-1.0,-1.0,-1.0,0.0,-0.0013731699436903,0.873678054417539,HOLD
2024-08-28,549.9072875976562,-1.0,-1.0,-1.0,0.0,0.005805265624076128,0.8787499875933589,HOLD
2024-08-29,549.9564819335938,-1.0,-1.0,-1.0,0.0,-8.94593249540776e-05,0.8786713752126654,HOLD
2024-08-30,555.2064208984375,-1.0,-1.0,-1.0,0.0,-0.009546099230647087,0.8702834910737561,HOLD
2024-09-03,543.78076171875,-1.0,-1.0,-1.0,0.0,0.02057912014424801,0.8881931595961186,HOLD
2024-09-04,542.6677856445312,-1.0,-1.0,-1.0,0.0,0.002046736655756831,0.8900110570932565,HOLD
2024-09-05,541.347900390625,-1.0,-1.0,-1.0,0.0,0.0024322159588336945,0.8921757561898571,HOLD
2024-09-06,532.2369384765625,-1.0,-1.0,-1.0,0.0,0.016830142587423325,0.9071912013795747,HOLD
2024-09-09,538.1959838867188,-1.0,-1.0,-1.0,0.0,-0.011196226812899113,0.8970340829262625,HOLD
2024-09-10,540.5402221679688,-1.0,-1.0,-1.0,0.0,-0.004355733282864094,0.8931268417153971,HOLD
2024-09-11,546.0855102539062,-1.0,-1.0,-1.0,0.0,-0.010258789174258709,0.8839644417403674,HOLD
2024-09-12,550.6853637695312,-1.0,-1.0,-1.0,0.0,-0.008423320949077606,0.8765185255400161,HOLD
2024-09-13,553.5614624023438,-1.0,-1.0,-1.0,0.0,-0.005222762003540993,0.8719406778894259,HOLD
2024-09-16,554.3790893554688,-1.0,-1.0,-1.0,0.0,-0.0014770301058888435,0.8706527952576341,HOLD
2024-09-17,554.60546875,-1.0,-1.0,-1.0,0.0,-0.0004083476378582418,0.8702972662452959,HOLD
2024-09-18,552.960693359375,-1.0,-1.0,-1.0,0.0,0.0029656675178557634,0.8728782785786783,HOLD
2024-09-19,562.3966064453125,-1.0,-1.0,-1.0,0.0,-0.017064346000552177,0.8579831816166453,HOLD
2024-09-20,561.4243774414062,-1.0,-1.0,-1.0,0.0,0.0017287249211221933,0.8594663985246097,HOLD
2024-09-23,562.827392578125,-1.0,-1.0,-1.0,0.0,-0.0024990278761833906,0.8573185680360538,HOLD
2024-09-24,564.4378051757812,-1.0,-1.0,-1.0,0.0,-0.0028612904716283083,0.8548655305861822,HOLD
2024-09-25,563.19287109375,-1.0,-1.0,-1.0,0.0,0.0022056177258491516,0.8567510371536605,HOLD
2024-09-26,565.42578125,-1.0,-1.0,-1.0,0.0,-0.003964734263718128,0.8533542469611813,HOLD
2024-09-27,564.6058349609375,-1.0,-1.0,-1.0,0.0,0.0014501395635306835,0.8545917297164067,HOLD
2024-09-30,566.8682861328125,-1.0,-1.0,-1.0,0.0,-0.0040071336552500725,0.8511672664347617,HOLD
2024-10-01,561.7899780273438,-1.0,-1.0,-1.0,0.0,0.008958532474935055,0.8587924760327192,HOLD
2024-10-02,562.0271606445312,-1.0,-1.0,-1.0,0.0,-0.00042219090391881764,0.8584299016609843,HOLD
2024-10-03,560.9996337890625,-1.0,-1.0,-1.0,0.0,0.0018282512901350856,0.8599993272361866,HOLD
2024-10-04,566.0975952148438,-1.0,-1.0,-1.0,0.0,-0.009087281301617622,0.8521842714303894,HOLD
2024-10-07,560.9798583984375,-1.0,-1.0,-1.0,0.0,0.009040378965437412,0.8598883401925054,HOLD
2024-10-08,566.285400390625,-1.0,-1.0,-1.0,0.0,-0.009457633830606937,0.8517558311357563,HOLD
2024-10-09,570.2076416015625,-1.0,-1.0,-1.0,0.0,-0.0069262622855603695,0.8458563468460546,HOLD
2024-10-10,569.2098999023438,-1.0,-1.0,-1.0,0.0,0.0017497866647318006,0.8473364150020446,HOLD
2024-10-11,572.618408203125,-1.0,-1.0,-1.0,0.0,-0.005988139659166336,0.842262446210715,HOLD
2024-10-14,577.301513671875,-1.0,-1.0,-1.0,0.0,-0.008178405463695526,0.8353740824187598,HOLD
2024-10-15,572.8160400390625,-1.0,-1.0,-1.0,0.0,0.007769724354147911,0.8418647087717528,HOLD
2024-10-16,575.3056640625,-1.0,-1.0,-1.0,0.0,-0.004346288740634918,0.8382057216668802,HOLD
2024-10-17,575.3551025390625,-1.0,-1.0,-1.0,0.0,-8.593427628511563e-05,0.8381336910648107,HOLD
2024-10-18,577.5682373046875,-1.0,-1.0,-1.0,0.0,-0.0038465545512735844,0.8349097641008697,HOLD
2024-10-21,576.6197509765625,-1.0,-1.0,-1.0,0.0,0.0016422065673395991,0.8362808583986121,HOLD
2024-10-22,576.3135375976562,-1.0,-1.0,-1.0,0.0,0.0005310490378178656,0.8367249645438102,HOLD
2024-10-23,571.0474853515625,-1.0,-1.0,-1.0,0.0,0.009137477725744247,0.8443705202699033,HOLD
2024-10-24,572.282470703125,-1.0,-1.0,-1.0,0.0,-0.0021626667585223913,0.8425444282138393,HOLD
2024-10-25,572.0848388671875,-1.0,-1.0,-1.0,0.0,0.00034533964935690165,0.8428353922112464,HOLD
2024-10-28,573.8533935546875,-1.0,-1.0,-1.0,0.0,-0.003091420279815793,0.840229833787218,HOLD
2024-10-29,574.7820434570312,-1.0,-1.0,-1.0,0.0,-0.0016182702966034412,0.8388701148048802,HOLD
2024-10-30,573.0432739257812,-1.0,-1.0,-1.0,0.0,0.0030250935815274715,0.8414077754049116,HOLD
2024-10-31,561.8097534179688,-1.0,-1.0,-1.0,0.0,0.019603267312049866,0.8579021169446114,HOLD
2024-11-01,564.1809692382812,-1.0,-1.0,-1.0,0.0,-0.004220673814415932,0.8542811919442913,HOLD
2024-11-04,562.9656982421875,-1.0,-1.0,-1.0,0.0,0.0021540445741266012,0.8561213517105773,HOLD
2024-11-05,569.7730102539062,-1.0,-1.0,-1.0,0.0,-0.012091876938939095,0.8457692376808948,HOLD
2024-11-06,583.940673828125,-1.0,-1.0,-1.0,0.0,-0.02486545220017433,0.8247388031289626,HOLD
2024-11-07,588.455810546875,-1.0,-1.0,-1.0,0.0,-0.007732184138149023,0.8183617708372929,HOLD
2024-11-08,591.0048217773438,-1.0,-1.0,-1.0,0.0,-0.004331695381551981,0.8148168769341183,HOLD
2024-11-11,591.5679931640625,-1.0,-1.0,-1.0,0.0,-0.0009529048693366349,0.8140404339644701,HOLD
2024-11-12,589.7303466796875,-1.0,-1.0,-1.0,0.0,0.0031063994392752647,0.8165691687120847,HOLD
2024-11-13,590.016845703125,-1.0,-1.0,-1.0,0.0,-0.00048581359442323446,0.8161724683091375,HOLD
2024-11-14,586.2229614257812,-1.0,-1.0,-1.0,0.0,0.006430128589272499,0.8214205622313892,HOLD
2024-11-15,578.7142333984375,-1.0,-1.0,-1.0,0.0,0.012808655388653278,0.8319418551421648,HOLD
2024-11-18,581.08544921875,-1.0,-1.0,-1.0,0.0,-0.004097386263310909,0.8285330680130318,HOLD
2024-11-19,583.2096557617188,-1.0,-1.0,-1.0,0.0,-0.003655583830550313,0.8255042959265272,HOLD
2024-11-20,583.4072265625,-1.0,-1.0,-1.0,0.0,-0.0003387646283954382,0.8252246442704788,HOLD
2024-11-21,586.5391235351562,-1.0,-1.0,-1.0,0.0,-0.005368286278098822,0.8207946021362926,HOLD
2024-11-22,588.3570556640625,-1.0,-1.0,-1.0,0.0,-0.003099421737715602,0.8182506135042318,HOLD
2024-11-25,590.3528442382812,-1.0,-1.0,-1.0,0.0,-0.0033921385183930397,0.8154749940804653,HOLD
2024-11-26,593.4353637695312,-1.0,-1.0,-1.0,0.0,-0.005221486557275057,0.8112170023610802,HOLD
2024-11-27,591.6370849609375,-1.0,-1.0,-1.0,0.0,0.0030302859377115965,0.8136752218357676,HOLD
2024-11-29,595.3125,-1.0,-1.0,-1.0,0.0,-0.006212279666215181,0.8086204438002541,HOLD
2024-12-02,596.3795166015625,-1.0,-1.0,-1.0,0.0,-0.0017923638224601746,0.8071711017706849,HOLD
2024-12-03,596.6561279296875,-1.0,-1.0,-1.0,0.0,-0.0004638176178559661,0.8067967215930594,HOLD
2024-12-04,600.361083984375,-1.0,-1.0,-1.0,0.0,-0.00620953319594264,0.8017868905679496,HOLD
2024-12-05,599.3731079101562,-1.0,-1.0,-1.0,0.0,0.0016456363955512643,0.8031063402565441,HOLD
2024-12-06,600.50927734375,-1.0,-1.0,-1.0,0.0,-0.0018955962732434273,0.8015839748709357,HOLD
2024-12-09,597.4168701171875,-1.0,-1.0,-1.0,0.0,0.005149641074240208,0.8057118446323838,HOLD
2024-12-10,595.5594482421875,-1.0,-1.0,-1.0,0.0,0.0031090884003788233,0.8082168739825781,HOLD
2024-12-11,600.1635131835938,-1.0,-1.0,-1.0,0.0,-0.007730655372142792,0.8019688278638682,HOLD
2024-12-12,597.071044921875,-1.0,-1.0,-1.0,0.0,0.005152709316462278,0.8061011401147148,HOLD
2024-12-13,596.9525756835938,-1.0,-1.0,-1.0,0.0,0.00019841732864733785,0.8062610845495559,HOLD
2024-12-16,599.5015258789062,-1.0,-1.0,-1.0,0.0,-0.004269937518984079,0.802818400094541,HOLD
2024-12-17,597.031494140625,-1.0,-1.0,-1.0,0.0,0.004120142664760351,0.8061261264368251,HOLD
2024-12-18,579.2379150390625,-1.0,-1.0,-1.0,0.0,0.02980341762304306,0.8301514400398678,HOLD
2024-12-19,579.0599975585938,-1.0,-1.0,-1.0,0.0,0.0003071578685194254,0.8304064275867389,HOLD
2024-12-20,586.01513671875,-1.0,-1.0,-1.0,0.0,-0.012011085636913776,0.8204323448715509,HOLD
2024-12-23,589.5243530273438,-1.0,-1.0,-1.0,0.0,-0.005988269113004208,0.815519375201447,HOLD
2024-12-24,596.076904296875,-1.0,-1.0,-1.0,0.0,-0.011114980094134808,0.8064548935797017,HOLD
2024-12-26,596.11669921875,-1.0,-1.0,-1.0,0.0,-6.676138582406566e-05,0.8064010535334017,HOLD
2024-12-27,589.8416137695312,-1.0,-1.0,-1.0,0.0,0.010526605881750584,0.8148897196065763,HOLD
2024-12-30,583.110595703125,-1.0,-1.0,-1.0,0.0,0.011411569081246853,0.8241888899354646,HOLD
2024-12-31,580.9891967773438,-1.0,-1.0,-1.0,0.0,0.0036380731035023928,0.8271873493681443,HOLD
2025-01-02,579.5616455078125,-1.0,-1.0,-1.0,0.0,0.0024571046233177185,0.8292198352286267,HOLD
2025-01-03,586.8081665039062,-1.0,-1.0,-1.0,0.0,-0.01250345166772604,0.8188517250969258,HOLD
2025-01-06,590.1885375976562,-1.0,-1.0,-1.0,0.0,-0.005760606843978167,0.8141346422451291,HOLD
2025-01-07,583.5169677734375,-1.0,-1.0,-1.0,0.0,0.01130413357168436,0.8233377289864034,HOLD
2025-01-08,584.3694458007812,-1.0,-1.0,-1.0,0.0,-0.0014609310310333967,0.8221348893491066,HOLD
2025-01-10,575.4476928710938,-1.0,-1.0,-1.0,0.0,0.01526731625199318,0.8346866827065968,HOLD
2025-01-13,576.3399047851562,-1.0,-1.0,-1.0,0.0,-0.0015504657058045268,0.8333925296299686,HOLD
2025-01-14,577.1329345703125,-1.0,-1.0,-1.0,0.0,-0.0013759757857769728,0.8322458016891503,HOLD
2025-01-15,587.6309814453125,-1.0,-1.0,-1.0,0.0,-0.01818999834358692,0.8171072519349675,HOLD
2025-01-16,586.5008544921875,-1.0,-1.0,-1.0,0.0,0.0019231915939599276,0.8186787057332525,HOLD
2025-01-17,592.3892822265625,-1.0,-1.0,-1.0,0.0,-0.01003993023186922,0.8104592286453737,HOLD
2025-01-21,597.8117065429688,-1.0,-1.0,-1.0,0.0,-0.00915348157286644,0.8030407050304087,HOLD
2025-01-22,601.1723022460938,-1.0,-1.0,-1.0,0.0,-0.0056214951910078526,0.7985264155688967,HOLD
2025-01-23,604.45361328125,-1.0,-1.0,-1.0,0.0,-0.005458187311887741,0.7941679088192314,HOLD
2025-01-24,602.6890258789062,-1.0,-1.0,-1.0,0.0,0.0029193097725510597,0.7964863309564938,HOLD
2025-01-27,594.1637573242188,-1.0,-1.0,-1.0,0.0,0.014145385473966599,0.8077529371326188,HOLD
2025-01-28,599.26904296875,-1.0,-1.0,-1.0,0.0,-0.008592388592660427,0.8008124100099124,HOLD
2025-01-29,596.58251953125,-1.0,-1.0,-1.0,0.0,0.004483000375330448,0.8044024523445562,HOLD
2025-01-30,599.7844848632812,-1.0,-1.0,-1.0,0.0,-0.005367179401218891,0.8000850800720426,HOLD
2025-01-31,596.5924682617188,-1.0,-1.0,-1.0,0.0,0.00532193947583437,0.8043430844437041,HOLD
2025-02-03,592.57763671875,-1.0,-1.0,-1.0,0.0,0.006729604676365852,0.8097559954261789,HOLD
2025-02-04,596.5528564453125,-1.0,-1.0,-1.0,0.0,-0.006708352826535702,0.8043238665054575,HOLD
2025-02-05,598.9715576171875,-1.0,-1.0,-1.0,0.0,-0.0040544625371694565,0.8010627655209599,HOLD
2025-02-06,601.0533447265625,-1.0,-1.0,-1.0,0.0,-0.0034756027162075043,0.7982785895972625,HOLD
2025-02-07,595.551513671875,-1.0,-1.0,-1.0,0.0,0.009153648279607296,0.8055857510355768,HOLD
2025-02-10,599.5961303710938,-1.0,-1.0,-1.0,0.0,-0.006791380234062672,0.8001147118891513,HOLD
2025-02-11,600.0521850585938,-1.0,-1.0,-1.0,0.0,-0.0007606031140312552,0.7995061421477062,HOLD
2025-02-12,598.1190795898438,-1.0,-1.0,-1.0,0.0,0.0032215623650699854,0.8020818010458916,HOLD
2025-02-13,604.4337768554688,-1.0,-1.0,-1.0,0.0,-0.010557591915130615,0.793613748707896,HOLD
2025-02-14,604.4039916992188,-1.0,-1.0,-1.0,0.0,4.9277783546131104e-05,0.793652856234424,HOLD
2025-02-18,606.178466796875,-1.0,-1.0,-1.0,0.0,-0.002935908967629075,0.791322763696621,HOLD
2025-02-19,607.60595703125,-1.0,-1.0,-1.0,0.0,-0.0023549008183181286,0.7894592770728381,HOLD
2025-02-20,605.0780639648438,-1.0,-1.0,-1.0,0.0,0.004160415381193161,0.7927437555919976,HOLD
2025-02-21,594.728759765625,-1.0,-1.0,-1.0,0.0,0.01710408180952072,0.8063029096416299,HOLD
2025-02-24,592.0225219726562,-1.0,-1.0,-1.0,0.0,0.0045503731817007065,0.8099718887779904,HOLD
2025-02-25,589.0782470703125,-1.0,-1.0,-1.0,0.0,0.004973248112946749,0.8140000799453955,HOLD
2025-02-26,589.3756713867188,-1.0,-1.0,-1.0,0.0,-0.0005048977909609675,0.8135890931031889,HOLD
2025-02-27,579.968017578125,-1.0,-1.0,-1.0,0.0,0.015962066128849983,0.8265756560090132,HOLD
2025-02-28,589.018798828125,-1.0,-1.0,-1.0,0.0,-0.015605655498802662,0.8136764010776397,HOLD
2025-03-03,578.69921875,-1.0,-1.0,-1.0,0.0,0.01751995086669922,0.8279319716459126,HOLD
2025-03-04,571.8492431640625,-1.0,-1.0,-1.0,0.0,0.01183684915304184,0.8377320775032657,HOLD
2025-03-05,577.9954223632812,-1.0,-1.0,-1.0,0.0,-0.010747901163995266,0.8287282159323522,HOLD
2025-03-06,567.7352905273438,-1.0,-1.0,-1.0,0.0,0.017751233652234077,0.8434391641275665,HOLD
2025-03-07,570.9173583984375,-1.0,-1.0,-1.0,0.0,-0.005604844074696302,0.8387118191261392,HOLD
2025-03-10,555.710693359375,-1.0,-1.0,-1.0,0.0,0.026635492220520973,0.8610513212597325,HOLD
2025-03-11,551.0911254882812,-1.0,-1.0,-1.0,0.0,0.008312900550663471,0.8682091552623821,HOLD
2025-03-12,554.0155029296875,-1.0,-1.0,-1.0,0.0,-0.005306522361934185,0.8636019839651462,HOLD
2025-03-13,546.6302490234375,-1.0,-1.0,-1.0,0.0,0.013330410234630108,0.875114152690842,HOLD
2025-03-14,557.9212646484375,-1.0,-1.0,-1.0,0.0,-0.020655672997236252,0.8570380809176065,HOLD
2025-03-17,562.2235717773438,-1.0,-1.0,-1.0,0.0,-0.007711315993219614,0.8504291894574283,HOLD
2025-03-18,556.1468505859375,-1.0,-1.0,-1.0,0.0,0.010808371007442474,0.8596209436526427,HOLD
2025-03-19,562.2037353515625,-1.0,-1.0,-1.0,0.0,-0.010890801437199116,0.8502589826440641,HOLD
2025-03-20,560.5780029296875,-1.0,-1.0,-1.0,0.0,0.002891713986173272,0.8527176884360453,HOLD
2025-03-21,560.762939453125,-1.0,-1.0,-1.0,0.0,-0.00032990326872095466,0.8524363740833341,HOLD
2025-03-24,570.8053588867188,-1.0,-1.0,-1.0,0.0,-0.01790849305689335,0.8371705231966193,HOLD
2025-03-25,572.177490234375,-1.0,-1.0,-1.0,0.0,-0.0024038515985012054,0.8351580894962151,HOLD
2025-03-26,565.3466796875,-1.0,-1.0,-1.0,0.0,0.011938272044062614,0.8451284339684205,HOLD
2025-03-27,563.8452758789062,-1.0,-1.0,-1.0,0.0,0.0026557224337011576,0.8473728605098692,HOLD
2025-03-28,552.4904174804688,-1.0,-1.0,-1.0,0.0,0.020138252526521683,0.8644374691589379,HOLD
2025-03-31,556.1991577148438,-1.0,-1.0,-1.0,0.0,-0.006712768226861954,0.8586347007818589,HOLD
2025-04-01,557.7700805664062,-1.0,-1.0,-1.0,0.0,-0.0028243891429156065,0.85620958225524,HOLD
2025-04-02,561.2998657226562,-1.0,-1.0,-1.0,0.0,-0.006328387185931206,0.8507911565064245,HOLD
2025-04-03,533.6386108398438,-1.0,-1.0,-1.0,0.0,0.04928070679306984,0.8927187460323543,HOLD
2025-04-04,502.3977966308594,-1.0,-1.0,-1.0,0.0,0.05854301527142525,0.9449811932144141,HOLD
2025-04-07,501.5029296875,-1.0,-1.0,-1.0,0.0,0.0017811920261010528,0.946664386180583,HOLD
2025-04-08,493.64801025390625,-1.0,-1.0,-1.0,0.0,0.01566275954246521,0.9614917628287449,HOLD
2025-04-09,545.4906005859375,-1.0,-1.0,-1.0,0.0,-0.10501934587955475,0.8605165268278901,HOLD
2025-04-10,521.5877685546875,-1.0,-1.0,-1.0,0.0,0.04381896182894707,0.8982234676701396,HOLD
2025-04-11,530.8943481445312,-1.0,-1.0,-1.0,0.0,-0.017842786386609077,0.882196658209062,HOLD
2025-04-14,536.0447387695312,-1.0,-1.0,-1.0,0.0,-0.009701347909867764,0.8736381615028532,HOLD
2025-04-15,534.5433349609375,-1.0,-1.0,-1.0,0.0,0.0028008928056806326,0.8760851283441746,HOLD
2025-04-16,522.6615600585938,-1.0,-1.0,-1.0,0.0,0.022227898240089417,0.8955586594266646,HOLD
2025-04-17,523.4072265625,-1.0,-1.0,-1.0,0.0,-0.0014266717480495572,0.8942809911885394,HOLD
2025-04-21,510.94873046875,-1.0,-1.0,-1.0,0.0,0.023802682757377625,0.9155672779177535,HOLD
2025-04-22,524.2424926757812,-1.0,-1.0,-1.0,0.0,-0.026017799973487854,0.8917462316186187,HOLD
2025-04-23,532.3658447265625,-1.0,-1.0,-1.0,0.0,-0.01549540925770998,0.8779282588056675,HOLD
2025-04-24,543.5715942382812,-1.0,-1.0,-1.0,0.0,-0.02104896493256092,0.8594487776727627,HOLD
2025-04-25,547.4990234375,-1.0,-1.0,-1.0,0.0,-0.007225228939205408,0.8532390634925567,HOLD
2025-04-28,547.7078247070312,-1.0,-1.0,-1.0,0.0,-0.00038137286901474,0.8529136612629571,HOLD
2025-04-29,551.1580200195312,-1.0,-1.0,-1.0,0.0,-0.0062993355095386505,0.8475408719499927,HOLD
2025-04-30,551.3768310546875,-1.0,-1.0,-1.0,0.0,-0.0003970023535657674,0.8472043962290854,HOLD
2025-05-01,555.2843627929688,-1.0,-1.0,-1.0,0.0,-0.0070868623442947865,0.8412003752955285,HOLD
2025-05-02,563.527099609375,-1.0,-1.0,-1.0,0.0,-0.01484417263418436,0.828713451704701,HOLD
2025-05-05,560.295654296875,-1.0,-1.0,-1.0,0.0,0.005734321195632219,0.8334655608159168,HOLD
2025-05-06,555.6124877929688,-1.0,-1.0,-1.0,0.0,0.008358384482562542,0.8404319864261909,HOLD
2025-05-07,557.9490966796875,-1.0,-1.0,-1.0,0.0,-0.004205464851111174,0.836897579247526,HOLD
2025-05-08,561.8367919921875,-1.0,-1.0,-1.0,0.0,-0.006967831403017044,0.831066218013736,HOLD
2025-05-09,561.1209716796875,-1.0,-1.0,-1.0,0.0,0.0012740716338157654,0.8321250559079298,HOLD
2025-05-12,579.66455078125,-1.0,-1.0,-1.0,0.0,-0.0330473817884922,0.80462550148957,HOLD
2025-05-13,583.4925537109375,-1.0,-1.0,-1.0,0.0,-0.006603824440389872,0.7993118959374722,HOLD
2025-05-14,584.23828125,-1.0,-1.0,-1.0,0.0,-0.001278041279874742,0.7982903423389691,HOLD
2025-05-15,587.0919189453125,-1.0,-1.0,-1.0,0.0,-0.004884372930973768,0.7943911945997909,HOLD
2025-05-16,590.8106079101562,-1.0,-1.0,-1.0,0.0,-0.006334083154797554,0.7893594547157569,HOLD
2025-05-19,591.4568481445312,-1.0,-1.0,-1.0,0.0,-0.0010938196210190654,0.7884960378561519,HOLD
2025-05-20,589.46826171875,-1.0,-1.0,-1.0,0.0,0.0033621834591031075,0.7911471061922002,HOLD
2025-05-21,579.5352783203125,-1.0,-1.0,-1.0,0.0,0.016850752755999565,0.8044785304722695,HOLD
2025-05-22,579.7639770507812,-1.0,-1.0,-1.0,0.0,-0.0003946243377868086,0.8041610636649181,HOLD
2025-05-23,575.806640625,-1.0,-1.0,-1.0,0.0,0.006825771648436785,0.8096500834540589,HOLD
2025-05-27,587.7780151367188,-1.0,-1.0,-1.0,0.0,-0.020790616050362587,0.7928169594338215,HOLD
2025-05-28,584.37744140625,-1.0,-1.0,-1.0,0.0,0.0057854726910591125,0.7974037803016344,HOLD
2025-05-29,586.6842651367188,-1.0,-1.0,-1.0,0.0,-0.003947489429265261,0.7942560373080375,HOLD
2025-05-30,586.0280151367188,-1.0,-1.0,-1.0,0.0,0.0011185744078829885,0.7951444717846768,HOLD
2025-06-02,589.3291015625,-1.0,-1.0,-1.0,0.0,-0.005632983986288309,0.790665435708328,HOLD
2025-06-03,592.6898193359375,-1.0,-1.0,-1.0,0.0,-0.005702616181224585,0.7861565742007227,HOLD
2025-06-04,592.5307006835938,-1.0,-1.0,-1.0,0.0,0.00026846869150176644,0.7863676326275139,HOLD
2025-06-05,589.6671142578125,-1.0,-1.0,-1.0,0.0,0.004832806997001171,0.7901679956246913,HOLD
2025-06-06,595.722412109375,-1.0,-1.0,-1.0,0.0,-0.010269010439515114,0.7820537522286506,HOLD
2025-06-09,596.2593383789062,-1.0,-1.0,-1.0,0.0,-0.0009013027884066105,0.781348885001083,HOLD
2025-06-10,599.6399536132812,-1.0,-1.0,-1.0,0.0,-0.005669706035405397,0.7769188665120351,HOLD
2025-06-11,597.9297485351562,-1.0,-1.0,-1.0,0.0,0.0028520531486719847,0.7791346804115334,HOLD
2025-06-12,600.3060913085938,-1.0,-1.0,-1.0,0.0,-0.003974284045398235,0.7760381778819574,HOLD
2025-06-13,593.5946044921875,-1.0,-1.0,-1.0,0.0,0.011180107481777668,0.7847143681206405,HOLD
2025-06-16,599.2421875,-1.0,-1.0,-1.0,0.0,-0.009514208883047104,0.7772484317088124,HOLD
2025-06-17,594.12158203125,-1.0,-1.0,-1.0,0.0,0.008545135147869587,0.7838901246012339,HOLD
2025-06-18,594.0321044921875,-1.0,-1.0,-1.0,0.0,0.00015060475561767817,0.7840081821818805,HOLD
2025-06-20,592.636962890625,-1.0,-1.0,-1.0,0.0,0.002348596230149269,0.785849500842959,HOLD
2025-06-23,598.49072265625,-1.0,-1.0,-1.0,0.0,-0.009877479635179043,0.7780872884020671,HOLD
2025-06-24,605.1024169921875,-1.0,-1.0,-1.0,0.0,-0.011047279462218285,0.7694915406810898,HOLD
2025-06-25,605.4414672851562,-1.0,-1.0,-1.0,0.0,-0.0005603188765235245,0.769060380045521,HOLD
2025-06-26,610.1783447265625,-1.0,-1.0,-1.0,0.0,-0.007823840714991093,0.7630433741318343,HOLD
2025-06-27,613.2098999023438,-1.0,-1.0,-1.0,0.0,-0.00496830977499485,0.75925233827739,HOLD
2025-06-30,616.1417846679688,-1.0,-1.0,-1.0,0.0,-0.00478120893239975,0.7556221942156728,HOLD
2025-07-01,615.9423828125,-1.0,-1.0,-1.0,0.0,0.0003236298216506839,0.7558667360916221,HOLD
2025-07-02,618.734619140625,-1.0,-1.0,-1.0,0.0,-0.004533275030553341,0.7524401842904721,HOLD
2025-07-03,623.611083984375,-1.0,-1.0,-1.0,0.0,-0.007881350815296173,0.7465099392305528,HOLD
2025-07-07,618.9639892578125,-1.0,-1.0,-1.0,0.0,0.007451911456882954,0.7520728651993819,HOLD
2025-07-08,618.6249389648438,-1.0,-1.0,-1.0,0.0,0.000547770643606782,0.7524848286367913,HOLD
2025-07-09,622.3345947265625,-1.0,-1.0,-1.0,0.0,-0.005996615160256624,0.7479724667055249,HOLD
2025-07-10,624.0897827148438,-1.0,-1.0,-1.0,0.0,-0.002820328576490283,0.7458629385832474,HOLD
2025-07-11,621.8958129882812,-1.0,-1.0,-1.0,0.0,0.003515471238642931,0.7484849982918065,HOLD
2025-07-14,623.08251953125,-1.0,-1.0,-1.0,0.0,-0.0019082080107182264,0.7470567332221636,HOLD
2025-07-15,620.419921875,-1.0,-1.0,-1.0,0.0,0.004273266531527042,0.7502491057573938,HOLD
2025-07-16,622.494140625,-1.0,-1.0,-1.0,0.0,-0.0033432496711611748,0.7477408356812815,HOLD
2025-07-17,626.3035888671875,-1.0,-1.0,-1.0,0.0,-0.00611965311691165,0.7431649211455624,HOLD
2025-07-18,625.8449096679688,-1.0,-1.0,-1.0,0.0,0.0007323591853491962,0.7437091848017927,HOLD
2025-07-21,627.0316162109375,-1.0,-1.0,-1.0,0.0,-0.0018961671739816666,0.7422989878585828,HOLD
2025-07-22,627.121337890625,-1.0,-1.0,-1.0,0.0,-0.0001430895645171404,0.7421927726196687,HOLD
2025-07-23,632.4566040039062,-1.0,-1.0,-1.0,0.0,-0.00850754976272583,0.7358785306730714,HOLD
2025-07-24,632.6659545898438,-1.0,-1.0,-1.0,0.0,-0.00033101177541539073,0.7356349462141433,HOLD
2025-07-25,635.3385620117188,-1.0,-1.0,-1.0,0.0,-0.0042243581265211105,0.7325273607509506,HOLD
2025-07-28,635.1790161132812,-1.0,-1.0,-1.0,0.0,0.0002511194907128811,0.7327113126487156,HOLD
2025-07-29,633.503662109375,-1.0,-1.0,-1.0,0.0,0.002637609140947461,0.7346439187046334,HOLD
2025-07-30,632.7058715820312,-1.0,-1.0,-1.0,0.0,0.0012593305436894298,0.7355690782301939,HOLD
2025-07-31,630.3324584960938,-1.0,-1.0,-1.0,0.0,0.003751210868358612,0.7383283529508795,HOLD
2025-08-01,620.0010375976562,-1.0,-1.0,-1.0,0.0,0.01639043167233467,0.7504298733716683,HOLD
2025-08-04,629.4249267578125,-1.0,-1.0,-1.0,0.0,-0.015199795365333557,0.7390234928603858,HOLD
2025-08-05,626.2337646484375,-1.0,-1.0,-1.0,0.0,0.005069964565336704,0.7427703157821394,HOLD
2025-08-06,631.030517578125,-1.0,-1.0,-1.0,0.0,-0.0076596844010055065,0.737080929580813,HOLD
2025-08-07,630.501953125,-1.0,-1.0,-1.0,0.0,0.000837621046230197,0.7376983240802047,HOLD
2025-08-08,635.4183349609375,-1.0,-1.0,-1.0,0.0,-0.00779756810516119,0.7319460711571261,HOLD
2025-08-11,634.1618041992188,-1.0,-1.0,-1.0,0.0,0.0019774858374148607,0.7333934841465908,HOLD
2025-08-12,640.9131469726562,-1.0,-1.0,-1.0,0.0,-0.010646088980138302,0.7255857118569126,HOLD
2025-08-13,643.1070556640625,-1.0,-1.0,-1.0,0.0,-0.0034230982419103384,0.7231019606822999,HOLD
2025-08-14,643.1668701171875,-1.0,-1.0,-1.0,0.0,-9.300854435423389e-05,0.7230347060215172,HOLD
2025-08-15,641.6610717773438,-1.0,-1.0,-1.0,0.0,0.0023412250448018312,0.7247274929835157,HOLD
2025-08-18,641.5214233398438,-1.0,-1.0,-1.0,0.0,0.00021763582481071353,0.7248852196492142,HOLD
2025-08-19,638.0410766601562,-1.0,-1.0,-1.0,0.0,0.0054251449182629585,0.728817827014918,HOLD
2025-08-20,636.3457641601562,-1.0,-1.0,-1.0,0.0,0.002657058648765087,0.7307543387255622,HOLD
2025-08-21,633.7928466796875,-1.0,-1.0,-1.0,0.0,0.004011840093880892,0.7336860082804388,HOLD
2025-08-22,643.52587890625,-1.0,-1.0,-1.0,0.0,-0.015356803312897682,0.7224189365578512,HOLD
2025-08-25,640.6936645507812,-1.0,-1.0,-1.0,0.0,0.004401088692247868,0.7255983663706016,HOLD
2025-08-26,643.3762817382812,-1.0,-1.0,-1.0,0.0,-0.004187051206827164,0.7225602488550178,HOLD
2025-08-27,644.8422241210938,-1.0,-1.0,-1.0,0.0,-0.0022785149049013853,0.7209138845583124,HOLD
2025-08-28,647.1258544921875,-1.0,-1.0,-1.0,0.0,-0.0035413785371929407,0.7183608556003732,HOLD
2025-08-29,643.2666015625,-1.0,-1.0,-1.0,0.0,0.005963682197034359,0.7226449314459635,HOLD
2025-09-02,638.4998168945312,-1.0,-1.0,-1.0,0.0,0.007410278543829918,0.727999931676265,HOLD
2025-09-03,641.960205078125,-1.0,-1.0,-1.0,0.0,-0.005419560242444277,0.7240544921900501,HOLD
2025-09-04,647.3253173828125,-1.0,-1.0,-1.0,0.0,-0.008357390761375427,0.7180032858662886,HOLD
2025-09-05,645.4505004882812,-1.0,-1.0,-1.0,0.0,0.0028962513897567987,0.7200828038808288,HOLD
2025-09-08,647.0361328125,-1.0,-1.0,-1.0,0.0,-0.0024566289503127337,0.7183138276181927,HOLD
2025-09-09,648.531982421875,-1.0,-1.0,-1.0,0.0,-0.002311848569661379,0.7166531948232456,HOLD
2025-09-10,650.4067993164062,-1.0,-1.0,-1.0,0.0,-0.0028908627573400736,0.7145814487924024,HOLD
2025-09-11,655.8118286132812,-1.0,-1.0,-1.0,0.0,-0.0083102285861969,0.7086431136094817,HOLD
2025-09-12,655.5924072265625,-1.0,-1.0,-1.0,0.0,0.00033457978861406446,0.708880211272636,HOLD
2025-09-15,659.0827026367188,-1.0,-1.0,-1.0,0.0,-0.005323880352079868,0.7051062178438634,HOLD
2025-09-16,658.1752319335938,-1.0,-1.0,-1.0,0.0,0.0013768692733719945,0.7060770569296762,HOLD
2025-09-17,657.3575439453125,-1.0,-1.0,-1.0,0.0,0.0012423560256138444,0.7069542560159005,HOLD
2025-09-18,660.4290161132812,-1.0,-1.0,-1.0,0.0,-0.004672452807426453,0.7036510456176569,HOLD
2025-09-19,663.7000122070312,-1.0,-1.0,-1.0,0.0,-0.004952835384756327,0.700165977820401,HOLD
2025-09-22,666.8400268554688,-1.0,-1.0,-1.0,0.0,-0.004731075372546911,0.6968534398060396,HOLD
2025-09-23,663.2100219726562,-1.0,-1.0,-1.0,0.0,0.005443591624498367,0.7006468253544706,HOLD
2025-09-24,661.0999755859375,-1.0,-1.0,-1.0,0.0,0.003181565785780549,0.7028759793219342,HOLD
2025-09-25,658.0499877929688,-1.0,-1.0,-1.0,0.0,0.004613504745066166,0.706118700987729,HOLD
2025-09-26,661.8200073242188,-1.0,-1.0,-1.0,0.0,-0.005729077849537134,0.7020732919787562,HOLD
2025-09-29,663.6799926757812,-1.0,-1.0,-1.0,0.0,-0.0028104097582399845,0.7001001783479794,HOLD
2025-09-30,666.1799926757812,-1.0,-1.0,-1.0,0.0,-0.0037668757140636444,0.6974629879887488,HOLD
2025-10-01,668.4500122070312,-1.0,-1.0,-1.0,0.0,-0.003407516749575734,0.6950863711749681,HOLD
2025-10-02,669.219970703125,-1.0,-1.0,-1.0,0.0,-0.0011518565006554127,0.6942857314198132,HOLD
2025-10-03,669.2100219726562,-1.0,-1.0,-1.0,0.0,1.4866159290249925e-05,0.6942960527820894,HOLD
2025-10-06,671.6099853515625,-1.0,-1.0,-1.0,0.0,-0.00358626339584589,0.6918061242621167,HOLD
2025-10-07,669.1199951171875,-1.0,-1.0,-1.0,0.0,0.003707494353875518,0.694370991561795,HOLD
2025-10-08,673.1099853515625,-1.0,-1.0,-1.0,0.0,-0.0059630414471030235,0.690230428559446,HOLD
2025-10-09,671.1599731445312,-1.0,-1.0,-1.0,0.0,0.002897018799558282,0.69223003908701,HOLD
2025-10-10,653.02001953125,-1.0,-1.0,-1.0,0.0,0.027027765288949013,0.7109394701094137,HOLD
2025-10-13,663.0399780273438,-1.0,-1.0,-1.0,0.0,-0.015344029292464256,0.7000307940548859,HOLD
2025-10-14,662.22998046875,-1.0,-1.0,-1.0,0.0,0.001221642130985856,0.7008859811658908,HOLD
2025-10-15,665.1699829101562,-1.0,-1.0,-1.0,0.0,-0.004439549054950476,0.6977743634705778,HOLD
2025-10-16,660.6400146484375,-1.0,-1.0,-1.0,0.0,0.006810241378843784,0.7025263753137815,HOLD
2025-10-17,664.3900146484375,-1.0,-1.0,-1.0,0.0,-0.005676313769072294,0.6985386151764514,HOLD
2025-10-20,671.2999877929688,-1.0,-1.0,-1.0,0.0,-0.01040047686547041,0.691273480469671,HOLD
2025-10-21,671.2899780273438,-1.0,-1.0,-1.0,0.0,1.491101738793077e-05,0.691283788060558,HOLD
2025-10-22,667.7999877929688,-1.0,-1.0,-1.0,0.0,0.0051989308558404446,0.6948777246764483,HOLD
2025-10-23,671.760009765625,-1.0,-1.0,-1.0,0.0,-0.005929952021688223,0.690757133108177,HOLD
2025-10-24,677.25,-1.0,-1.0,-1.0,0.0,-0.00817254651337862,0.6851118883084023,HOLD
2025-10-27,685.239990234375,-1.0,-1.0,-1.0,0.0,-0.01179769728332758,0.6770291456449309,HOLD
2025-10-28,687.0599975585938,-1.0,-1.0,-1.0,0.0,-0.0026560144033282995,0.6752309464826249,HOLD
2025-10-29,687.3900146484375,-1.0,-1.0,-1.0,0.0,-0.0004803322663065046,0.6749066112718206,HOLD
2025-10-30,679.8300170898438,-1.0,-1.0,-1.0,0.0,0.010998119600117207,0.682329314901498,HOLD
2025-10-31,682.0599975585938,-1.0,-1.0,-1.0,0.0,-0.003280203090980649,0.6800911361736913,HOLD
2025-11-03,683.3400268554688,-1.0,-1.0,-1.0,0.0,-0.001876710681244731,0.6788148018742143,HOLD
2025-11-04,675.239990234375,-1.0,-1.0,-1.0,0.0,0.011853596195578575,0.6868611984272129,HOLD
2025-11-05,677.5800170898438,-1.0,-1.0,-1.0,0.0,-0.0034654743503779173,0.6844808985617936,HOLD
2025-11-06,670.3099975585938,-1.0,-1.0,-1.0,0.0,0.010729389265179634,0.691824960567043,HOLD
2025-11-07,670.969970703125,-1.0,-1.0,-1.0,0.0,-0.0009845789754763246,0.691143804256159,HOLD
2025-11-10,681.4400024414062,-1.0,-1.0,-1.0,0.0,-0.015604322776198387,0.6803589732497761,HOLD
