date,price,prev_pos,action,new_pos,turnover,reward,portfolio_value,portfolio_ret,trade
2023-02-14,397.8286437988281,0.0,1.0,1.0,1.0,-0.00105,0.99895,-0.0010499999999999954,BUY
2023-02-15,399.1205749511719,1.0,1.0,1.0,0.0,-0.013768980461881242,0.9851954769676038,-0.013768980461881242,HOLD
2023-02-16,393.6250915527344,1.0,1.0,1.0,0.0,-0.002498079786750318,0.9827343800605932,-0.002498079786750318,HOLD
2023-02-17,392.64178466796875,1.0,1.0,1.0,0.0,-0.02006111260254284,0.9630196350038075,-0.02006111260254284,HOLD
2023-02-21,384.76495361328125,1.0,1.0,1.0,0.0,-0.001378016363924539,0.9616925781879916,-0.001378016363924539,HOLD
2023-02-22,384.2347412109375,1.0,1.0,1.0,0.0,0.005319284126480417,0.966808094253701,0.005319284126480417,HOLD
2023-02-23,386.2785949707031,1.0,1.0,1.0,0.0,-0.010682297251677797,0.9564803628055548,-0.010682297251677797,HOLD
2023-02-24,382.1522521972656,1.0,1.0,1.0,0.0,0.003405906152711635,0.9597380451581821,0.003405906152711635,HOLD
2023-02-27,383.4538269042969,1.0,1.0,1.0,0.0,-0.0036958173149813645,0.9561910286730401,-0.0036958173149813645,HOLD
2023-02-28,382.0366516113281,1.0,1.0,1.0,0.0,-0.0038359791212690952,0.9525230998511055,-0.0038359791212690952,HOLD
2023-03-01,380.5711669921875,1.0,1.0,1.0,0.0,0.007777038970836481,0.9599309091192695,0.007777038970836481,HOLD
2023-03-02,383.5308837890625,1.0,1.0,1.0,0.0,0.016037903997122793,0.9753261888835951,0.016037903997122793,HOLD
2023-03-03,389.6819152832031,1.0,1.0,1.0,0.0,0.0006928446075709083,0.9760019383741858,0.0006928446075709083,HOLD
2023-03-06,389.951904296875,1.0,1.0,1.0,0.0,-0.015328757114603131,0.9610410417174661,-0.015328757114603131,HOLD
2023-03-07,383.97442626953125,1.0,1.0,1.0,0.0,0.0016320043897373182,0.9626094649162668,0.0016320043897373182,HOLD
2023-03-08,384.60107421875,1.0,1.0,1.0,0.0,-0.01844975262263171,0.9448495584163578,-0.01844975262263171,HOLD
2023-03-09,377.5052795410156,1.0,1.0,1.0,0.0,-0.014429479228652564,0.9312158713389874,-0.014429479228652564,HOLD
2023-03-10,372.0580749511719,1.0,1.0,1.0,0.0,-0.001425243727258385,0.929888661759638,-0.0014252437272584961,HOLD
2023-03-13,371.5278015136719,1.0,1.0,1.0,0.0,0.016530007705625183,0.9452597285038983,0.016530007705625183,HOLD
2023-03-14,377.6691589355469,1.0,1.0,1.0,0.0,-0.006254311454852224,0.9393477797561058,-0.006254311454852224,HOLD
2023-03-15,375.3070983886719,1.0,1.0,1.0,0.0,0.01754503940986485,0.9558286735714958,0.01754503940986485,HOLD
2023-03-16,381.8918762207031,1.0,1.0,1.0,0.0,-0.011692500611123702,0.9446526462216316,-0.011692500611123702,HOLD
2023-03-17,377.4266052246094,1.0,1.0,1.0,0.0,0.009615674612078573,0.9537361186891378,0.009615674612078573,HOLD
2023-03-20,381.0558166503906,1.0,1.0,1.0,0.0,0.013130407016829437,0.9662590621141773,0.013130407016829437,HOLD
2023-03-21,386.0592346191406,1.0,1.0,1.0,0.0,-0.017046511376053286,0.9497877160196334,-0.017046511376053286,HOLD
2023-03-22,379.478271484375,1.0,1.0,1.0,0.0,0.0027033930091362457,0.9523553654912844,0.0027033930091362457,HOLD
2023-03-23,380.504150390625,1.0,1.0,1.0,0.0,0.006562130063616944,0.9586048452664216,0.006562130063616944,HOLD
2023-03-24,383.0010681152344,1.0,1.0,1.0,0.0,0.001869694448182857,0.9603971434236175,0.001869694448182857,HOLD
2023-03-27,383.7171630859375,1.0,1.0,1.0,0.0,-0.002244536269676467,0.9582414972019095,-0.002244536269676467,HOLD
2023-03-28,382.85589599609375,1.0,1.0,1.0,0.0,0.014534863793342234,0.9721694068448676,0.014534863793342234,HOLD
2023-03-29,388.420654296875,1.0,1.0,1.0,0.0,0.005855150722420488,0.9778616052496705,0.005855150722420488,HOLD
2023-03-30,390.6949157714844,1.0,1.0,1.0,0.0,0.014094664775234467,0.9916442367722372,0.014094664775234467,HOLD
2023-03-31,396.2016296386719,1.0,1.0,1.0,0.0,0.003810753281184631,0.9954231483012849,0.003810753281184631,HOLD
2023-04-03,397.7114562988281,1.0,1.0,1.0,0.0,-0.005548330294580128,0.9899002118916386,-0.005548330294580128,HOLD
2023-04-04,395.50482177734375,1.0,1.0,1.0,0.0,-0.002618306835962203,0.9873083493999223,-0.002618306835962203,HOLD
2023-04-05,394.4692687988281,1.0,1.0,1.0,0.0,0.003900984135115859,0.9911598236073988,0.003900984135115859,HOLD
2023-04-06,396.0080871582031,1.0,1.0,1.0,0.0,0.0010264023292143598,0.9921771523589732,0.0010264023292143598,HOLD
2023-04-10,396.41455078125,1.0,1.0,1.0,0.0,0.0002685971790599151,0.9924436483432245,0.0002685971790599151,HOLD
2023-04-11,396.5210266113281,1.0,1.0,1.0,0.0,-0.0040761318169402205,0.9883983172116925,-0.0040761318169402205,HOLD
2023-04-12,394.9047546386719,1.0,1.0,1.0,0.0,0.013282753123802449,1.0015269680471972,0.013282753123802449,HOLD
2023-04-13,400.1501770019531,1.0,1.0,1.0,0.0,-0.00244277794568859,0.9990804600576392,-0.00244277794568859,HOLD
2023-04-14,399.1726989746094,1.0,1.0,1.0,0.0,0.0035882777879756578,1.0026654382808644,0.0035882777879756578,HOLD
2023-04-17,400.60504150390625,1.0,1.0,1.0,0.0,0.0006522421757981789,1.0033194189679264,0.0006522421757981789,HOLD
2023-04-18,400.8663330078125,1.0,1.0,1.0,0.0,-0.00016893038971688146,1.0031499278274696,-0.00016893038971699248,HOLD
2023-04-19,400.7986145019531,1.0,1.0,1.0,0.0,-0.005457015637038709,0.9976757229850208,-0.005457015637038709,HOLD
2023-04-20,398.6114501953125,1.0,1.0,1.0,0.0,0.0007767748455407286,0.9984506923906422,0.0007767748455407286,HOLD
2023-04-21,398.92108154296875,1.0,1.0,1.0,0.0,0.0010431579441800842,0.9994922341622816,0.0010431579441800842,HOLD
2023-04-24,399.33721923828125,1.0,1.0,1.0,0.0,-0.015873775226621367,0.983626519096436,-0.015873775226621367,HOLD
2023-04-25,392.99822998046875,1.0,1.0,1.0,0.0,-0.004235594900544037,0.9794602756281112,-0.004235594900544037,HOLD
2023-04-26,391.3336486816406,1.0,1.0,1.0,0.0,0.01990810265221188,0.9989594713390794,0.01990810265221188,HOLD
2023-04-27,399.1243591308594,1.0,1.0,1.0,0.0,0.008535072084298267,1.007485662436251,0.008535072084298267,HOLD
2023-04-28,402.5309143066406,1.0,1.0,1.0,0.0,-0.0010096183260623892,1.00646848644821,-0.0010096183260625002,HOLD
2023-05-01,402.12451171875,1.0,1.0,1.0,0.0,-0.011239361618163302,0.9951564231717331,-0.011239361618163302,HOLD
2023-05-02,397.6048889160156,1.0,1.0,1.0,0.0,-0.006864068042923943,0.9883256017697295,-0.006864068042923943,HOLD
2023-05-03,394.8757019042969,1.0,1.0,1.0,0.0,-0.00708284776433199,0.9813254419908027,-0.00708284776433199,HOLD
2023-05-04,392.078857421875,1.0,1.0,1.0,0.0,0.01851250502037738,0.9994922341622815,0.01851250502037738,HOLD
2023-05-05,399.33721923828125,1.0,1.0,1.0,0.0,0.00026678421169346045,0.9997588829100662,0.00026678421169346045,HOLD
2023-05-08,399.4437561035156,1.0,1.0,1.0,0.0,-0.004385370800291222,0.9953745694976206,-0.004385370800291222,HOLD
2023-05-09,397.6920471191406,1.0,1.0,1.0,0.0,0.004672267883547132,1.0000252261307838,0.004672267883547132,HOLD
2023-05-10,399.5501708984375,1.0,1.0,1.0,0.0,-0.0017439045068687875,0.9982812776319518,-0.0017439045068687875,HOLD
2023-05-11,398.8533935546875,1.0,1.0,1.0,0.0,-0.001310442806788381,0.9969730871125275,-0.001310442806788381,HOLD
2023-05-12,398.3307189941406,1.0,1.0,1.0,0.0,0.0034501433863134423,1.0004127872153612,0.0034501433863134423,HOLD
2023-05-15,399.70501708984375,1.0,1.0,1.0,0.0,-0.006682632013018663,0.9937273966972826,-0.006682632013018663,HOLD
2023-05-16,397.033935546875,1.0,1.0,1.0,0.0,0.012138885694766621,1.0057901399775488,0.012138885694766621,HOLD
2023-05-17,401.8534851074219,1.0,1.0,1.0,0.0,0.009633325194876807,1.0154792434737532,0.009633325194876807,HOLD
2023-05-18,405.72467041015625,1.0,1.0,1.0,0.0,-0.0014552321489040843,1.0140014854321053,-0.0014552321489040843,HOLD
2023-05-19,405.1342468261719,1.0,1.0,1.0,0.0,0.0004061635927821161,1.0144133359185148,0.0004061635927821161,HOLD
2023-05-22,405.2987976074219,1.0,1.0,1.0,0.0,-0.011222867002825376,1.0030287099636088,-0.011222867002825376,HOLD
2023-05-23,400.75018310546875,1.0,1.0,1.0,0.0,-0.007244789777960059,0.995761977818664,-0.007244789777960059,HOLD
2023-05-24,397.8468322753906,1.0,1.0,1.0,0.0,0.008660050189293278,1.0043853265231637,0.008660050189293278,HOLD
2023-05-25,401.2922058105469,1.0,1.0,1.0,0.0,0.012950640185746431,1.0173927594948087,0.012950640185746431,HOLD
2023-05-26,406.48919677734375,1.0,1.0,1.0,0.0,0.0003808604879429467,1.0177802441976196,0.0003808604879429467,HOLD
2023-05-30,406.6440124511719,1.0,1.0,1.0,0.0,-0.0055451777501552835,1.0121364718329473,-0.0055451777501552835,HOLD
2023-05-31,404.38909912109375,1.0,1.0,1.0,0.0,0.009501153948729302,1.021752936268956,0.009501153948729302,HOLD
2023-06-01,408.23126220703125,1.0,1.0,1.0,0.0,0.01446109949658081,1.036528607141265,0.01446109949658081,HOLD
2023-06-02,414.1347351074219,1.0,1.0,1.0,0.0,-0.0019163814803240253,1.0345422229147134,-0.0019163814803239143,HOLD
2023-06-05,413.3410949707031,1.0,1.0,1.0,0.0,0.0021775113643234256,1.0367949503619827,0.0021775113643234256,HOLD
2023-06-06,414.24114990234375,1.0,1.0,1.0,0.0,-0.0034577504664482506,1.0332099721387573,-0.0034577504664482506,HOLD
2023-06-07,412.8088073730469,1.0,1.0,1.0,0.0,0.00604867967347178,1.0394595282956614,0.00604867967347178,HOLD
2023-06-08,415.3057556152344,1.0,1.0,1.0,0.0,0.0017941412499717924,1.041324465513053,0.0017941412499717924,HOLD
2023-06-09,416.0508728027344,1.0,1.0,1.0,0.0,0.00907185460738913,1.0507712096633046,0.00907185460738913,HOLD
2023-06-12,419.8252258300781,1.0,1.0,1.0,0.0,0.006592941849334011,1.0576988831455691,0.006592941849334011,HOLD
2023-06-13,422.5931091308594,1.0,1.0,1.0,0.0,0.0011908260035669027,1.0589584184795626,0.0011908260035669027,HOLD
2023-06-14,423.0963439941406,1.0,1.0,1.0,0.0,0.01239770193654488,1.0720870693150673,0.01239770193654488,HOLD
2023-06-15,428.3417663574219,1.0,1.0,1.0,0.0,-0.00340612214262237,1.0684354098094542,-0.0034061221426222588,HOLD
2023-06-16,426.8827819824219,1.0,1.0,1.0,0.0,-0.005188340513844092,1.0628920030863143,-0.005188340513843981,HOLD
2023-06-20,424.66796875,1.0,1.0,1.0,0.0,-0.005123703605758201,1.0574460594975694,-0.00512370360575809,HOLD
2023-06-21,422.4920959472656,1.0,1.0,1.0,0.0,0.003609881697207884,1.0612633146735344,0.003609881697207884,HOLD
2023-06-22,424.0172424316406,1.0,1.0,1.0,0.0,-0.007560134637503713,1.053240021128759,-0.007560134637503824,HOLD
2023-06-23,420.8116149902344,1.0,1.0,1.0,0.0,-0.004085674575418197,1.0489368251526203,-0.004085674575418086,HOLD
2023-06-26,419.0923156738281,1.0,1.0,1.0,0.0,0.010963300537682796,1.0604366348118113,0.010963300537682796,HOLD
2023-06-27,423.68695068359375,1.0,1.0,1.0,0.0,0.0005044162895848636,1.060971536324483,0.0005044162895848636,HOLD
2023-06-28,423.9006652832031,1.0,1.0,1.0,0.0,0.003941289714454843,1.065153132527928,0.003941289714454843,HOLD
2023-06-29,425.5713806152344,1.0,1.0,1.0,0.0,0.011800684726839705,1.0777226688306958,0.011800684726839705,HOLD
2023-06-30,430.5934143066406,1.0,1.0,1.0,0.0,0.0011505572236374384,1.0789626504323968,0.0011505572236374384,HOLD
2023-07-03,431.0888366699219,1.0,1.0,1.0,0.0,-0.0014871244837239006,1.0773580986579152,-0.0014871244837239006,HOLD
2023-07-05,430.44775390625,1.0,1.0,1.0,0.0,-0.007830747189347953,1.0689215797549285,-0.007830747189347953,HOLD
2023-07-06,427.0770263671875,1.0,1.0,1.0,0.0,-0.002524641894006585,1.0662229355532715,-0.002524641894006585,HOLD
2023-07-07,425.9988098144531,1.0,1.0,1.0,0.0,0.002531031843032716,1.0689215797549287,0.002531031843032716,HOLD
2023-07-10,427.0770263671875,1.0,1.0,1.0,0.0,0.006368520114388154,1.0757290283363015,0.006368520114388154,HOLD
2023-07-11,429.796875,1.0,1.0,1.0,0.0,0.008045963300250758,1.0843843046193098,0.008045963300250758,HOLD
2023-07-12,433.2550048828125,1.0,1.0,1.0,0.0,0.007936943980728195,1.0929910020986542,0.007936943980728195,HOLD
2023-07-13,436.6937255859375,1.0,1.0,1.0,0.0,-0.0006227296678169569,1.0923103641749903,-0.000622729667817068,HOLD
2023-07-14,436.4217834472656,1.0,1.0,1.0,0.0,0.003472075327385138,1.0961029480402893,0.003472075327385138,HOLD
2023-07-17,437.93707275390625,1.0,1.0,1.0,0.0,0.00743049528784101,1.1042475358306914,0.00743049528784101,HOLD
2023-07-18,441.191162109375,1.0,1.0,1.0,0.0,0.002223843587500385,1.1067032096322615,0.002223843587500385,HOLD
2023-07-19,442.17230224609375,1.0,1.0,1.0,0.0,-0.006634434625417129,1.099360859538217,-0.006634434625417129,HOLD
2023-07-20,439.2387390136719,1.0,1.0,1.0,0.0,0.0,1.099360859538217,0.0,HOLD
2023-07-21,439.2387390136719,1.0,1.0,1.0,0.0,0.004467248779352451,1.1042719779960568,0.004467248779352451,HOLD
2023-07-24,441.200927734375,1.0,1.0,1.0,0.0,0.002730044782999208,1.1072866899485971,0.002730044782999208,HOLD
2023-07-25,442.4054260253906,1.0,1.0,1.0,0.0,0.000153620734480997,1.1074567921431882,0.000153620734480997,HOLD
2023-07-26,442.473388671875,1.0,1.0,1.0,0.0,-0.006629851172855861,1.1001145184309105,-0.006629851172855861,HOLD
2023-07-27,439.53985595703125,1.0,1.0,1.0,0.0,0.009790289999709767,1.1108849585992402,0.009790289999709767,HOLD
2023-07-28,443.84307861328125,1.0,1.0,1.0,0.0,0.0019040350388652705,1.1130001224845616,0.0019040350388652705,HOLD
2023-07-31,444.68817138671875,1.0,1.0,1.0,0.0,-0.0028615365484311317,1.1098152319556638,-0.0028615365484310207,HOLD
2023-08-01,443.4156799316406,1.0,1.0,1.0,0.0,-0.013910884802969314,1.094376720111348,-0.013910884802969314,HOLD
2023-08-02,437.24737548828125,1.0,1.0,1.0,0.0,-0.0028658428743941755,1.091240408386114,-0.0028658428743940645,HOLD
2023-08-03,435.9942932128906,1.0,1.0,1.0,0.0,-0.004522680281977665,1.086305076908209,-0.0045226802819775536,HOLD
2023-08-04,434.0224304199219,1.0,1.0,1.0,0.0,0.008728490350228713,1.0957868802894069,0.008728490350228713,HOLD
2023-08-07,437.810791015625,1.0,1.0,1.0,0.0,-0.0043488219585082755,1.091021498242559,-0.0043488219585082755,HOLD
2023-08-08,435.9068298339844,1.0,1.0,1.0,0.0,-0.006685128146966535,1.0837278797157122,-0.006685128146966424,HOLD
2023-08-09,432.99273681640625,1.0,1.0,1.0,0.0,0.0003590280615599628,1.0841169684356249,0.0003590280615599628,HOLD
2023-08-10,433.148193359375,1.0,1.0,1.0,0.0,-0.0005831583693829412,1.0834847565520915,-0.0005831583693829412,HOLD
2023-08-11,432.8955993652344,1.0,1.0,1.0,0.0,0.005520008532883258,1.089465601653508,0.005520008532883258,HOLD
2023-08-14,435.2851867675781,1.0,1.0,1.0,0.0,-0.011648744954315005,1.076774694723347,-0.011648744954315005,HOLD
2023-08-15,430.21466064453125,1.0,1.0,1.0,0.0,-0.007338298170270319,1.0688730009512653,-0.007338298170270319,HOLD
2023-08-16,427.0576171875,1.0,1.0,1.0,0.0,-0.007619789987354464,1.0607284131608632,-0.007619789987354575,HOLD
2023-08-17,423.80352783203125,1.0,1.0,1.0,0.0,0.00048137874361087185,1.061239025271703,0.00048137874361087185,HOLD
2023-08-18,424.0075378417969,1.0,1.0,1.0,0.0,0.006506102435468231,1.0681435550786371,0.006506102435468231,HOLD
2023-08-21,426.76617431640625,1.0,1.0,1.0,0.0,-0.00270861397595612,1.0652503665170237,-0.00270861397595612,HOLD
2023-08-22,425.6102294921875,1.0,1.0,1.0,0.0,0.011137716152617383,1.0771148227307619,0.011137716152617383,HOLD
2023-08-23,430.3505554199219,1.0,1.0,1.0,0.0,-0.01385908264994773,1.0621869993790525,-0.01385908264994773,HOLD
2023-08-24,424.38629150390625,1.0,1.0,1.0,0.0,0.0070499752270376526,1.0696753914111563,0.0070499752270376526,HOLD
2023-08-25,427.3782043457031,1.0,1.0,1.0,0.0,0.006341324886040667,1.0764585505906972,0.006341324886040667,HOLD
2023-08-28,430.0883483886719,1.0,1.0,1.0,0.0,0.014454697269273398,1.0920184330624065,0.014454697269273398,HOLD
2023-08-29,436.3051452636719,1.0,1.0,1.0,0.0,0.004118810252358385,1.0965162497802683,0.004118810252358385,HOLD
2023-08-30,438.1022033691406,1.0,1.0,1.0,0.0,-0.0014634571428711052,1.094911545242253,-0.0014634571428711052,HOLD
2023-08-31,437.4610595703125,1.0,1.0,1.0,0.0,0.0018652608867808507,1.0969538409220783,0.0018652608867808507,HOLD
2023-09-01,438.27703857421875,1.0,1.0,1.0,0.0,-0.004321983374673155,1.0922128246588292,-0.004321983374673155,HOLD
2023-09-05,436.3828125,1.0,1.0,1.0,0.0,-0.006722383720930258,1.0848705509465515,-0.006722383720930147,HOLD
2023-09-06,433.44927978515625,1.0,1.0,1.0,0.0,-0.0030702093448083945,1.081539771243128,-0.0030702093448082834,HOLD
2023-09-07,432.1184997558594,1.0,1.0,1.0,0.0,0.001506109716342685,1.0831686888012084,0.001506109716342685,HOLD
2023-09-08,432.7693176269531,1.0,1.0,1.0,0.0,0.006576623556121097,1.0902922815152312,0.006576623556121097,HOLD
2023-09-11,435.615478515625,1.0,1.0,1.0,0.0,-0.005485683028626065,1.084311283650281,-0.005485683028626065,HOLD
2023-09-12,433.225830078125,1.0,1.0,1.0,0.0,0.001166037285015964,1.0855756310355809,0.001166037285015964,HOLD
2023-09-13,433.7309875488281,1.0,1.0,1.0,0.0,0.008622341309904913,1.094935834644085,0.008622341309904913,HOLD
2023-09-14,437.47076416015625,1.0,1.0,1.0,0.0,-0.01204816839741385,1.08174386332393,-0.01204816839741396,HOLD
2023-09-15,432.2000427246094,1.0,1.0,1.0,0.0,0.0005863441547864223,1.082378137515166,0.0005863441547864223,HOLD
2023-09-18,432.4534606933594,1.0,1.0,1.0,0.0,-0.0020738661323221885,1.0801334301534073,-0.0020738661323221885,HOLD
2023-09-19,431.5566101074219,1.0,1.0,1.0,0.0,-0.009193248657632491,1.0702034949465855,-0.009193248657632491,HOLD
2023-09-20,427.5892028808594,1.0,1.0,1.0,0.0,-0.016528369395920173,1.0525147762533036,-0.016528369395920173,HOLD
2023-09-21,420.5218505859375,1.0,1.0,1.0,0.0,-0.0022485315312569254,1.0501481635917842,-0.0022485315312569254,HOLD
2023-09-22,419.5762939453125,1.0,1.0,1.0,0.0,0.004205204923005024,1.054564251819205,0.004205204923005024,HOLD
2023-09-25,421.3406982421875,1.0,1.0,1.0,0.0,-0.014691349547734545,1.039071279775184,-0.014691349547734545,HOLD
2023-09-26,415.150634765625,1.0,1.0,1.0,0.0,0.0003992309126310545,1.0394861091504974,0.0003992309126310545,HOLD
2023-09-27,415.3163757324219,1.0,1.0,1.0,0.0,0.005797449895059037,1.0455124777849074,0.005797449895059037,HOLD
2023-09-28,417.7241516113281,1.0,1.0,1.0,0.0,-0.0024268729108045672,1.042975151874663,-0.0024268729108045672,HOLD
2023-09-29,416.71038818359375,1.0,1.0,1.0,0.0,-0.00039773658516006893,1.0425603224993496,-0.00039773658516006893,HOLD
2023-10-02,416.5446472167969,1.0,1.0,1.0,0.0,-0.01338607338745812,1.0286045335115213,-0.01338607338745812,HOLD
2023-10-03,410.96875,1.0,1.0,1.0,0.0,0.007281929012052268,1.0360947587060272,0.007281929012052268,HOLD
2023-10-04,413.9613952636719,1.0,1.0,1.0,0.0,-0.0003767871680341317,1.0357043714960794,-0.0003767871680340207,HOLD
2023-10-05,413.805419921875,1.0,1.0,1.0,0.0,0.011872863871259742,1.048001148509721,0.011872863871259742,HOLD
2023-10-06,418.7184753417969,1.0,1.0,1.0,0.0,0.006402140669551137,1.0547105992843313,0.006402140669551137,HOLD
2023-10-09,421.399169921875,1.0,1.0,1.0,0.0,0.005204872277817962,1.060200233243667,0.005204872277817962,HOLD
2023-10-10,423.5924987792969,1.0,1.0,1.0,0.0,0.004096243310383052,1.064543071356758,0.004096243310383052,HOLD
2023-10-11,425.32763671875,1.0,1.0,1.0,0.0,-0.006096446213913698,1.0580531417798371,-0.006096446213913698,HOLD
2023-10-12,422.7346496582031,1.0,1.0,1.0,0.0,-0.004980880611548999,1.0527831053999575,-0.004980880611548999,HOLD
2023-10-13,420.6290588378906,1.0,1.0,1.0,0.0,0.010521525050871894,1.0638599892165579,0.010521525050871894,HOLD
2023-10-16,425.0547180175781,1.0,1.0,1.0,0.0,-4.587816955148316e-05,1.0638111812675937,-4.587816955137214e-05,HOLD
2023-10-17,425.03521728515625,1.0,1.0,1.0,0.0,-0.013325168224083028,1.0496357183185425,-0.013325168224083028,HOLD
2023-10-18,419.3715515136719,1.0,1.0,1.0,0.0,-0.008786442290248497,1.0404131546537532,-0.008786442290248497,HOLD
2023-10-19,415.686767578125,1.0,1.0,1.0,0.0,-0.01228802932834816,1.0276285272957686,-0.01228802932834816,HOLD
2023-10-20,410.57879638671875,1.0,1.0,1.0,0.0,-0.0017332590249657942,1.025847380876521,-0.0017332590249657942,HOLD
2023-10-23,409.8671569824219,1.0,1.0,1.0,0.0,0.0075395403322595644,1.0335817985793823,0.0075395403322595644,HOLD
2023-10-24,412.9573669433594,1.0,1.0,1.0,0.0,-0.01435220640112056,1.0187476192737295,-0.01435220640112067,HOLD
2023-10-25,407.030517578125,1.0,1.0,1.0,0.0,-0.011974664661704604,1.0065484581580166,-0.011974664661704604,HOLD
2023-10-26,402.1564636230469,1.0,1.0,1.0,0.0,-0.004532904917891489,1.0019858697019361,-0.004532904917891378,HOLD
2023-10-27,400.3335266113281,1.0,1.0,1.0,0.0,0.011955897064284127,1.0139655096199598,0.011955897064284127,HOLD
2023-10-30,405.119873046875,1.0,1.0,1.0,0.0,0.006280316457260016,1.02033353389712,0.006280316457260016,HOLD
2023-10-31,407.6641540527344,1.0,1.0,1.0,0.0,0.010664574390573556,1.0312149567725626,0.010664574390573556,HOLD
2023-11-01,412.01171875,1.0,1.0,1.0,0.0,0.019164568025598516,1.050977745960645,0.019164568025598516,HOLD
2023-11-02,419.9077453613281,1.0,1.0,1.0,0.0,0.009123417452200577,1.0605662546700168,0.009123417452200577,HOLD
2023-11-03,423.7387390136719,1.0,1.0,1.0,0.0,0.0023003843480526864,1.0630059646823324,0.0023003843480526864,HOLD
2023-11-06,424.7135009765625,1.0,1.0,1.0,0.0,0.0028460132103069746,1.0660312937004535,0.0028460132103069746,HOLD
2023-11-07,425.9222412109375,1.0,1.0,1.0,0.0,0.0007323406383494824,1.0668119917385825,0.0007323406383494824,HOLD
2023-11-08,426.2341613769531,1.0,1.0,1.0,0.0,-0.007798613874103633,1.05849233693875,-0.007798613874103522,HOLD
2023-11-09,422.9101257324219,1.0,1.0,1.0,0.0,0.01560472391273171,1.0750098176204215,0.01560472391273171,HOLD
2023-11-10,429.509521484375,1.0,1.0,1.0,0.0,-0.0009530225871966502,1.0739853089827711,-0.0009530225871966502,HOLD
2023-11-13,429.1001892089844,1.0,1.0,1.0,0.0,0.01940059406482786,1.0948212619939346,0.01940059406482786,HOLD
2023-11-14,437.42498779296875,1.0,1.0,1.0,0.0,0.0021169924363426684,1.0971389903247228,0.0021169924363426684,HOLD
2023-11-15,438.35101318359375,1.0,1.0,1.0,0.0,0.0012232065890804833,1.0984810179668252,0.0012232065890804833,HOLD
2023-11-16,438.88720703125,1.0,1.0,1.0,0.0,0.0012438239911174431,1.0998473350107594,0.0012438239911174431,HOLD
2023-11-17,439.43310546875,1.0,1.0,1.0,0.0,0.007697503441823406,1.108313413657485,0.007697503441823406,HOLD
2023-11-20,442.8156433105469,1.0,1.0,1.0,0.0,-0.002179228201325878,1.1058981458105348,-0.002179228201325989,HOLD
2023-11-21,441.85064697265625,1.0,1.0,1.0,0.0,0.0038608115916483055,1.1101678101910626,0.0038608115916483055,HOLD
2023-11-22,443.5565490722656,1.0,1.0,1.0,0.0,0.0006152274927841983,1.110850815949496,0.0006152274927841983,HOLD
2023-11-24,443.8294372558594,1.0,1.0,1.0,0.0,-0.0018009540133075985,1.108850224714326,-0.0018009540133074875,HOLD
2023-11-27,443.0301208496094,1.0,1.0,1.0,0.0,0.0009902728561292928,1.1099482889933734,0.0009902728561292928,HOLD
2023-11-28,443.4688415527344,1.0,1.0,1.0,0.0,-0.0007035019643759632,1.1091674381917107,-0.0007035019643760743,HOLD
2023-11-29,443.1568603515625,1.0,1.0,1.0,0.0,0.003937371172570314,1.1135346420884005,0.003937371172570314,HOLD
2023-11-30,444.9017333984375,1.0,1.0,1.0,0.0,0.005915887324793756,1.1201221875632499,0.005915887324793756,HOLD
2023-12-01,447.5337219238281,1.0,1.0,1.0,0.0,-0.0052493098262266225,1.1142423191574997,-0.0052493098262266225,HOLD
2023-12-04,445.1844787597656,1.0,1.0,1.0,0.0,-0.00019715097644912305,1.114022645196277,-0.00019715097644912305,HOLD
2023-12-05,445.0967102050781,1.0,1.0,1.0,0.0,-0.004029707652330683,1.1095334596180597,-0.004029707652330794,HOLD
2023-12-06,443.3031005859375,1.0,1.0,1.0,0.0,0.007630304947847222,1.1179995382647854,0.007630304947847222,HOLD
2023-12-07,446.6856384277344,1.0,1.0,1.0,0.0,0.004299174796466021,1.122806013702154,0.004299174796466021,HOLD
2023-12-08,448.60601806640625,1.0,1.0,1.0,0.0,0.003889544447922999,1.1271732175988438,0.003889544447922999,HOLD
2023-12-11,450.35089111328125,1.0,1.0,1.0,0.0,0.00456736141482561,1.1323214250607296,0.00456736141482561,HOLD
2023-12-12,452.4078063964844,1.0,1.0,1.0,0.0,0.013790145623133743,1.1479363024045115,0.013790145623133743,HOLD
2023-12-13,458.6465759277344,1.0,1.0,1.0,0.0,0.0032092768274736283,1.1516203477792342,0.0032092768274736283,HOLD
2023-12-14,460.1184997558594,1.0,1.0,1.0,0.0,-0.0016464635953064022,1.1497242468010016,-0.0016464635953064022,HOLD
2023-12-15,459.3609313964844,1.0,1.0,1.0,0.0,0.00562510583903264,1.1561915673749594,0.00562510583903264,HOLD
2023-12-18,461.94488525390625,1.0,1.0,1.0,0.0,0.006080857448069299,1.1632222034788264,0.006080857448069299,HOLD
2023-12-19,464.75390625,1.0,1.0,1.0,0.0,-0.013857392079981823,1.14710297732908,-0.013857392079981823,HOLD
2023-12-20,458.3136291503906,1.0,1.0,1.0,0.0,0.009482008315210066,1.1579798172985165,0.009482008315210066,HOLD
2023-12-21,462.65936279296875,1.0,1.0,1.0,0.0,0.002009640628737097,1.160306940586617,0.002009640628737097,HOLD
2023-12-22,463.5891418457031,1.0,1.0,1.0,0.0,0.004222531018428288,1.1652063726341417,0.004222531018428288,HOLD
2023-12-26,465.5466613769531,1.0,1.0,1.0,0.0,0.0018080590189479828,1.1673131345251186,0.0018080590189479828,HOLD
2023-12-27,466.3883972167969,1.0,1.0,1.0,0.0,0.0003777494885528476,1.1677540864646665,0.0003777494885528476,HOLD
2023-12-28,466.5645751953125,1.0,1.0,1.0,0.0,-0.0028949422267410263,1.1643735058493105,-0.0028949422267410263,HOLD
2023-12-29,465.2138977050781,1.0,1.0,1.0,0.0,-0.00559638402430207,1.157857224562855,-0.00559638402430207,HOLD
2024-01-02,462.6103820800781,1.0,1.0,1.0,0.0,-0.0081666003356331,1.1484014673641247,-0.00816660033563299,HOLD
2024-01-03,458.8324279785156,1.0,1.0,1.0,0.0,-0.003221146149380183,1.1447022983995823,-0.003221146149380183,HOLD
2024-01-04,457.3544616699219,1.0,1.0,1.0,0.0,0.0013695576265475573,1.1462700341624819,0.0013695576265475573,HOLD
2024-01-05,457.9808349609375,1.0,1.0,1.0,0.0,0.01427602745257639,1.162634216638251,0.01427602745257639,HOLD
2024-01-08,464.51898193359375,1.0,1.0,1.0,0.0,-0.001517078830942653,1.1608704088800597,-0.001517078830942542,HOLD
2024-01-09,463.81427001953125,1.0,1.0,1.0,0.0,0.005655447799110869,1.1674356508790134,0.005655447799110869,HOLD
2024-01-10,466.4373474121094,1.0,1.0,1.0,0.0,-0.00044071600910722264,1.1669211432980684,-0.00044071600910722264,HOLD
2024-01-11,466.2317810058594,1.0,1.0,1.0,0.0,0.0006927842760486858,1.1677295679175341,0.0006927842760486858,HOLD
2024-01-12,466.5547790527344,1.0,1.0,1.0,0.0,-0.003671229332001258,1.16344256487595,-0.003671229332001258,HOLD
2024-01-16,464.8419494628906,1.0,1.0,1.0,0.0,-0.005558648106633313,1.1569753970655259,-0.005558648106633202,HOLD
2024-01-17,462.258056640625,1.0,1.0,1.0,0.0,0.008892756398643842,1.167264097430854,0.008892756398643842,HOLD
2024-01-18,466.3688049316406,1.0,1.0,1.0,0.0,0.012466191374634672,1.1818154350541672,0.012466191374634672,HOLD
2024-01-19,472.1826477050781,1.0,1.0,1.0,0.0,0.00211446373726365,1.1843143409357277,0.00211446373726365,HOLD
2024-01-22,473.1810607910156,1.0,1.0,1.0,0.0,0.002916377005722559,1.18776824804718,0.002916377005722559,HOLD
2024-01-23,474.56103515625,1.0,1.0,1.0,0.0,0.0010931540352361324,1.1890666617004582,0.0010931540352361324,HOLD
2024-01-24,475.0798034667969,1.0,1.0,1.0,0.0,0.005438860594388917,1.1955338295108824,0.005438860594388917,HOLD
2024-01-25,477.6636962890625,1.0,1.0,1.0,0.0,-0.0012703739642593304,1.1940150544604804,-0.0012703739642594414,HOLD
2024-01-26,477.056884765625,1.0,1.0,1.0,0.0,0.007919358759483686,1.2034708880409775,0.007919358759483686,HOLD
2024-01-29,480.8348693847656,1.0,1.0,1.0,0.0,-0.0007735467327139034,1.202539947067617,-0.0007735467327139034,HOLD
2024-01-30,480.4629211425781,1.0,1.0,1.0,0.0,-0.01631714409136953,1.1829179294756869,-0.01631714409136953,HOLD
2024-01-31,472.6231384277344,1.0,1.0,1.0,0.0,0.013088145702355725,1.1984001316905937,0.013088145702355725,HOLD
2024-02-01,478.80889892578125,1.0,1.0,1.0,0.0,0.010527285254381624,1.211016031725789,0.010527285254381624,HOLD
2024-02-02,483.8494567871094,1.0,1.0,1.0,0.0,-0.00364117342789827,1.2066065123303102,-0.00364117342789827,HOLD
2024-02-05,482.0876770019531,1.0,1.0,1.0,0.0,0.002903263767808806,1.210109609299561,0.002903263767808806,HOLD
2024-02-06,483.4873046875,1.0,1.0,1.0,0.0,0.008340449028562347,1.2202024668148974,0.008340449028562347,HOLD
2024-02-07,487.5198059082031,1.0,1.0,1.0,0.0,0.0004416887860563268,1.2207414165612078,0.0004416887860563268,HOLD
2024-02-08,487.7351379394531,1.0,1.0,1.0,0.0,0.005779401399252482,1.2277965712122072,0.005779401399252482,HOLD
2024-02-09,490.553955078125,1.0,1.0,1.0,0.0,-0.00043889466478275185,1.2272576978476637,-0.00043889466478264083,HOLD
2024-02-12,490.3386535644531,1.0,1.0,1.0,0.0,-0.013773091219329126,1.2103545656255839,-0.013773091219329237,HOLD
2024-02-13,483.5851745605469,1.0,1.0,1.0,0.0,0.009087651051970624,1.2213538455671487,0.009087651051970624,HOLD
2024-02-14,487.9798278808594,1.0,1.0,1.0,0.0,0.006899696769061769,1.2297808167492894,0.006899696769061769,HOLD
2024-02-15,491.34674072265625,1.0,1.0,1.0,0.0,-0.00497992292140903,1.2236566030716505,-0.00497992292140903,HOLD
2024-02-16,488.8998718261719,1.0,1.0,1.0,0.0,-0.005505462423201157,1.2169198076245376,-0.005505462423201157,HOLD
2024-02-20,486.208251953125,1.0,1.0,1.0,0.0,0.0009059085346840856,1.2180222256642907,0.0009059085346840856,HOLD
2024-02-21,486.6487121582031,1.0,1.0,1.0,0.0,0.02069550663295816,1.2432298127146166,0.02069550663295816,HOLD
2024-02-22,496.72015380859375,1.0,1.0,1.0,0.0,0.0006896434779755101,1.24408719804658,0.0006896434779755101,HOLD
2024-02-23,497.0627136230469,1.0,1.0,1.0,0.0,-0.003662506874030691,1.2395307201318408,-0.003662506874030691,HOLD
2024-02-26,495.2422180175781,1.0,1.0,1.0,0.0,0.001857703956292589,1.241833401254576,0.001857703956292589,HOLD
2024-02-27,496.1622314453125,1.0,1.0,1.0,0.0,-0.0013215449343729757,1.2401922626138129,-0.0013215449343729757,HOLD
2024-02-28,495.50653076171875,1.0,1.0,1.0,0.0,0.003594806303080844,1.2446505135764891,0.003594806303080844,HOLD
2024-02-29,497.28778076171875,1.0,1.0,1.0,0.0,0.0093883287554819,1.2563357017836245,0.0093883287554819,HOLD
2024-03-01,501.95648193359375,1.0,1.0,1.0,0.0,-0.001072402847500431,1.2549884037996153,-0.001072402847500431,HOLD
2024-03-04,501.4181823730469,1.0,1.0,1.0,0.0,-0.009994174847452686,1.2424458302605164,-0.009994174847452686,HOLD
2024-03-05,496.40692138671875,1.0,1.0,1.0,0.0,0.005067236713634626,1.2487415973863147,0.005067236713634626,HOLD
2024-03-06,498.9223327636719,1.0,1.0,1.0,0.0,0.009926485227835125,1.2611372124061533,0.009926485227835125,HOLD
2024-03-07,503.8748779296875,1.0,1.0,1.0,0.0,-0.006002190543355046,1.2535676265559759,-0.006002190543355046,HOLD
2024-03-08,500.85052490234375,1.0,1.0,1.0,0.0,-0.0008599263825511683,1.2524896506815884,-0.0008599263825511683,HOLD
2024-03-11,500.4198303222656,1.0,1.0,1.0,0.0,0.01075738590344999,1.2659631651940475,0.01075738590344999,HOLD
2024-03-12,505.80303955078125,1.0,1.0,1.0,0.0,-0.0015675008208563268,1.263978766893432,-0.0015675008208563268,HOLD
2024-03-13,505.01019287109375,1.0,1.0,1.0,0.0,-0.001976713563683785,1.2614802429207053,-0.001976713563683896,HOLD
2024-03-14,504.0119323730469,1.0,1.0,1.0,0.0,-0.006866655812192479,1.2528180922786878,-0.006866655812192479,HOLD
2024-03-15,500.5510559082031,1.0,1.0,1.0,0.0,0.005943157007685107,1.2602637869031685,0.005943157007685107,HOLD
2024-03-18,503.5259094238281,1.0,1.0,1.0,0.0,0.005557125633282922,1.2672672310980664,0.005557125633282922,HOLD
2024-03-19,506.3240661621094,1.0,1.0,1.0,0.0,0.009249225509361025,1.278988471499116,0.009249225509361025,HOLD
2024-03-20,511.0071716308594,1.0,1.0,1.0,0.0,0.003304631087969856,1.283215056563187,0.003304631087969856,HOLD
2024-03-21,512.6958618164062,1.0,1.0,1.0,0.0,-0.0018955932071025305,1.2807826028187141,-0.0018955932071025305,HOLD
2024-03-22,511.7239990234375,1.0,1.0,1.0,0.0,-0.0027628533390521293,1.2772439883279165,-0.0027628533390521293,HOLD
2024-03-25,510.3101806640625,1.0,1.0,1.0,0.0,-0.0018469852965976585,1.2748849374613072,-0.0018469852965976585,HOLD
2024-03-26,509.3676452636719,1.0,1.0,1.0,0.0,0.008403771167372787,1.2855987787404624,0.008403771167372787,HOLD
2024-03-27,513.6482543945312,1.0,1.0,1.0,0.0,-0.0001911922518300635,1.285352982215005,-0.0001911922518300635,HOLD
2024-03-28,513.550048828125,1.0,1.0,1.0,0.0,-0.001739718688034797,1.2831168296111242,-0.001739718688034797,HOLD
2024-04-01,512.6566162109375,1.0,1.0,1.0,0.0,-0.0063580394044027155,1.2749587222480043,-0.0063580394044027155,HOLD
2024-04-02,509.3971252441406,1.0,1.0,1.0,0.0,0.0010985551396858195,1.2763593347052171,0.0010985551396858195,HOLD
2024-04-03,509.95672607421875,1.0,1.0,1.0,0.0,-0.012206152123766856,1.2607798985012153,-0.012206152123766967,HOLD
2024-04-04,503.73211669921875,1.0,1.0,1.0,0.0,0.010446984647189739,1.273951246744343,0.010446984647189739,HOLD
2024-04-05,508.9945983886719,1.0,1.0,1.0,0.0,0.0005592150723661149,1.274663659482982,0.0005592150723661149,HOLD
2024-04-08,509.27923583984375,1.0,1.0,1.0,0.0,0.0011568149734821898,1.2761382094904257,0.0011568149734821898,HOLD
2024-04-09,509.8683776855469,1.0,1.0,1.0,0.0,-0.010013127741791972,1.2633600745826163,-0.010013127741791972,HOLD
2024-04-10,504.76300048828125,1.0,1.0,1.0,0.0,0.007546882801128918,1.272894505001117,0.007546882801128918,HOLD
2024-04-11,508.5723876953125,1.0,1.0,1.0,0.0,-0.013803143133172102,1.2553245599551581,-0.013803143133172213,HOLD
2024-04-12,501.552490234375,1.0,1.0,1.0,0.0,-0.012528056196604354,1.2395977833230623,-0.012528056196604354,HOLD
2024-04-15,495.2690124511719,1.0,1.0,1.0,0.0,-0.0018238366871597966,1.2373369594085157,-0.0018238366871597966,HOLD
2024-04-16,494.36572265625,1.0,1.0,1.0,0.0,-0.00591825265368251,1.230014086664997,-0.00591825265368251,HOLD
2024-04-17,491.43994140625,1.0,1.0,1.0,0.0,-0.0020576888110811486,1.2274831004413942,-0.0020576888110811486,HOLD
2024-04-18,490.4287109375,1.0,1.0,1.0,0.0,-0.008728300434688196,1.2167692591622392,-0.008728300434688196,HOLD
2024-04-19,486.1481018066406,1.0,1.0,1.0,0.0,0.009209106709367365,1.2279746171105421,0.009209106709367365,HOLD
2024-04-22,490.6250915527344,1.0,1.0,1.0,0.0,0.01186653839074836,1.2425464250473488,0.01186653839074836,HOLD
2024-04-23,496.4471130371094,1.0,1.0,1.0,0.0,-0.00047462501949424585,1.2419566814261382,-0.00047462501949424585,HOLD
2024-04-24,496.21148681640625,1.0,1.0,1.0,0.0,-0.003798864664131707,1.2372386560746862,-0.003798864664131707,HOLD
2024-04-25,494.3264465332031,1.0,1.0,1.0,0.0,0.009473957082221318,1.248960202002803,0.009473957082221318,HOLD
2024-04-26,499.0096740722656,1.0,1.0,1.0,0.0,0.003541438184235579,1.2533833173527662,0.003541438184235579,HOLD
2024-04-29,500.7768859863281,1.0,1.0,1.0,0.0,-0.015841231065720218,1.2335281826086621,-0.015841231065720218,HOLD
2024-04-30,492.8439636230469,1.0,1.0,1.0,0.0,-0.0032471571430243706,1.2295227227593826,-0.0032471571430243706,HOLD
2024-05-01,491.2436218261719,1.0,1.0,1.0,0.0,0.009353378636399068,1.2410229143274074,0.009353378636399068,HOLD
2024-05-02,495.8384094238281,1.0,1.0,1.0,0.0,0.012395282438986577,1.25640574386375,0.012395282438986577,HOLD
2024-05-03,501.9844665527344,1.0,1.0,1.0,0.0,0.010326811427812777,1.2693804090574516,0.010326811427812777,HOLD
2024-05-06,507.1683654785156,1.0,1.0,1.0,0.0,0.0011035632758451541,1.2707812506599647,0.0011035632758451541,HOLD
2024-05-07,507.7280578613281,1.0,1.0,1.0,0.0,9.641026245166273e-05,1.2709037670138594,9.641026245166273e-05,HOLD
2024-05-08,507.7770080566406,1.0,1.0,1.0,0.0,0.005762061374842586,1.2782267925209119,0.005762061374842586,HOLD
2024-05-09,510.7028503417969,1.0,1.0,1.0,0.0,0.0012881608771133646,1.2798733542671155,0.0012881608771133646,HOLD
2024-05-10,511.3607177734375,1.0,1.0,1.0,0.0,0.00013433778929772267,1.2800452896241088,0.00013433778929772267,HOLD
2024-05-13,511.4294128417969,1.0,1.0,1.0,0.0,0.00458817393112132,1.2859183600526167,0.00458817393112132,HOLD
2024-05-14,513.7759399414062,1.0,1.0,1.0,0.0,0.012382947608641448,1.3018418197341384,0.012382947608641448,HOLD
2024-05-15,520.1380004882812,1.0,1.0,1.0,0.0,-0.0020575124845384485,1.299163263937141,-0.0020575124845384485,HOLD
2024-05-16,519.0678100585938,1.0,1.0,1.0,0.0,0.0014374899978328859,1.3010307981346028,0.0014374899978328859,HOLD
2024-05-17,519.81396484375,1.0,1.0,1.0,0.0,0.0011520986230237895,1.302529713925645,0.0011520986230237895,HOLD
2024-05-20,520.412841796875,1.0,1.0,1.0,0.0,0.002452722377582095,1.305724457702456,0.002452722377582095,HOLD
2024-05-21,521.6892700195312,1.0,1.0,1.0,0.0,-0.002879486606210513,1.3019646416151003,-0.002879486606210513,HOLD
2024-05-22,520.1870727539062,1.0,1.0,1.0,0.0,-0.00730421947389015,1.2924548061254988,-0.00730421947389015,HOLD
2024-05-23,516.3875122070312,1.0,1.0,1.0,0.0,0.006616399304390397,1.3010062032057035,0.006616399304390397,HOLD
2024-05-24,519.8041381835938,1.0,1.0,1.0,0.0,0.0006987636076023485,1.3019152989937686,0.0006987636076023485,HOLD
2024-05-28,520.1673583984375,1.0,1.0,1.0,0.0,-0.0070023521482508455,1.2927988296030188,-0.0070023521482508455,HOLD
2024-05-29,516.5249633789062,1.0,1.0,1.0,0.0,-0.006633781355813051,1.2842226848303815,-0.00663378135581294,HOLD
2024-05-30,513.0984497070312,1.0,1.0,1.0,0.0,0.009108195282162113,1.2959196358295992,0.009108195282162113,HOLD
2024-05-31,517.7718505859375,1.0,1.0,1.0,0.0,0.0008152608917368909,1.296976148427525,0.0008152608917368909,HOLD
2024-06-03,518.1939697265625,1.0,1.0,1.0,0.0,0.001117891565342699,1.2984260271243029,0.001117891565342699,HOLD
2024-06-04,518.7732543945312,1.0,1.0,1.0,0.0,0.011885291757323113,1.3138581992819771,0.011885291757323113,HOLD
2024-06-05,524.9390258789062,1.0,1.0,1.0,0.0,-1.8835892980018087e-05,1.3138334515895445,-1.8835892980018087e-05,HOLD
2024-06-06,524.9291381835938,1.0,1.0,1.0,0.0,-0.0012157518935952405,1.3122361560829057,-0.0012157518935952405,HOLD
2024-06-07,524.2909545898438,1.0,1.0,1.0,0.0,0.003089878059129969,1.3162908057899834,0.003089878059129969,HOLD
2024-06-10,525.9109497070312,1.0,1.0,1.0,0.0,0.0024082794397972673,1.3194608018743617,0.0024082794397972673,HOLD
2024-06-11,527.177490234375,1.0,1.0,1.0,0.0,0.008213006044961446,1.3302975414162455,0.008213006044961446,HOLD
2024-06-12,531.5072021484375,1.0,1.0,1.0,0.0,0.002013501275921703,1.3329760972132425,0.002013501275921703,HOLD
2024-06-13,532.577392578125,1.0,1.0,1.0,0.0,0.0006083146109652215,1.3337869660492447,0.0006083146109652215,HOLD
2024-06-14,532.9013671875,1.0,1.0,1.0,0.0,0.00795906016408554,1.3444026567581038,0.00795906016408554,HOLD
2024-06-17,537.1427612304688,1.0,1.0,1.0,0.0,0.002540751160126753,1.3478184493679395,0.002540751160126753,HOLD
2024-06-18,538.5075073242188,1.0,1.0,1.0,0.0,-0.0027165649598256403,1.34415701299618,-0.0027165649598256403,HOLD
2024-06-20,537.0446166992188,1.0,1.0,1.0,0.0,-0.0013408434812424153,1.3423547088275378,-0.0013408434812424153,HOLD
2024-06-21,536.3245239257812,1.0,1.0,1.0,0.0,-0.003250431511227614,1.3379914767827201,-0.003250431511227503,HOLD
2024-06-24,534.5812377929688,1.0,1.0,1.0,0.0,0.0038506246275793465,1.3431435797147109,0.0038506246275793465,HOLD
2024-06-25,536.6397094726562,1.0,1.0,1.0,0.0,0.0012483643367695585,1.3448203122587876,0.0012483643367695585,HOLD
2024-06-26,537.3096313476562,1.0,1.0,1.0,0.0,0.00157634409261731,1.3469402118136484,0.00157634409261731,HOLD
2024-06-27,538.1566162109375,1.0,1.0,1.0,0.0,-0.003935054810178085,1.341639928254129,-0.003935054810177974,HOLD
2024-06-28,536.0389404296875,1.0,1.0,1.0,0.0,0.002057965067198797,1.344400976359235,0.002057965067198797,HOLD
2024-07-01,537.14208984375,1.0,1.0,1.0,0.0,0.006729703736227055,1.353448396632827,0.006729703736227055,HOLD
2024-07-02,540.7568969726562,1.0,1.0,1.0,0.0,0.0044626485974057495,1.3594883612217215,0.0044626485974057495,HOLD
2024-07-03,543.1701049804688,1.0,1.0,1.0,0.0,0.005766521610297559,1.3673278802356545,0.005766521610297559,HOLD
2024-07-05,546.3023071289062,1.0,1.0,1.0,0.0,0.00115399865729926,1.3689057747735343,0.00115399865729926,HOLD
2024-07-08,546.9327392578125,1.0,1.0,1.0,0.0,0.0009724419720864574,1.3702369562047556,0.0009724419720864574,HOLD
2024-07-09,547.464599609375,1.0,1.0,1.0,0.0,0.00989513537859854,1.3837956363871604,0.00989513537859854,HOLD
2024-07-10,552.8818359375,1.0,1.0,1.0,0.0,-0.008622589203233777,1.3718637350733665,-0.008622589203233777,HOLD
2024-07-11,548.1145629882812,1.0,1.0,1.0,0.0,0.006307578057725971,1.3805168726669053,0.006307578057725971,HOLD
2024-07-12,551.5718383789062,1.0,1.0,1.0,0.0,0.002750041966578687,1.3843133520023092,0.002750041966578687,HOLD
2024-07-15,553.0886840820312,1.0,1.0,1.0,0.0,0.005930275480436897,1.39252271153093,0.005930275480436897,HOLD
2024-07-16,556.36865234375,1.0,1.0,1.0,0.0,-0.014021214751418043,1.372997851546328,-0.014021214751418043,HOLD
2024-07-17,548.5676879882812,1.0,1.0,1.0,0.0,-0.007684807726264231,1.3624466270486204,-0.007684807726264342,HOLD
2024-07-18,544.35205078125,1.0,1.0,1.0,0.0,-0.006640680711819669,1.3533990540114949,-0.006640680711819669,HOLD
2024-07-19,540.7371826171875,1.0,1.0,1.0,0.0,0.010310021922383727,1.3673526279280868,0.010310021922383727,HOLD
2024-07-22,546.3121948242188,1.0,1.0,1.0,0.0,-0.0015685785561234677,1.3652078279172597,-0.0015685785561234677,HOLD
2024-07-23,545.4552612304688,1.0,1.0,1.0,0.0,-0.022662517054598985,1.3342687822340127,-0.022662517054599096,HOLD
2024-07-24,533.0938720703125,1.0,1.0,1.0,0.0,-0.0052104311666424374,1.3273166665863825,-0.0052104311666424374,HOLD
2024-07-25,530.3162231445312,1.0,1.0,1.0,0.0,0.011199717886482663,1.3421822387981766,0.011199717886482663,HOLD
2024-07-26,536.255615234375,1.0,1.0,1.0,0.0,0.0005878662583205241,1.3429712624488832,0.0005878662583205241,HOLD
2024-07-29,536.5708618164062,1.0,1.0,1.0,0.0,-0.0050664433215256155,1.3361671746652481,-0.0050664433215257265,HOLD
2024-07-30,533.8523559570312,1.0,1.0,1.0,0.0,0.01625447586312312,1.3578858717549418,0.01625447586312312,HOLD
2024-07-31,542.5298461914062,1.0,1.0,1.0,0.0,-0.014160839770547384,1.33865706749833,-0.014160839770547384,HOLD
2024-08-01,534.84716796875,1.0,1.0,1.0,0.0,-0.018618417388875153,1.3137333914750784,-0.018618417388875264,HOLD
2024-08-02,524.88916015625,1.0,1.0,1.0,0.0,-0.029123754736165464,1.2754725423930473,-0.029123754736165464,HOLD
2024-08-05,509.6024169921875,1.0,1.0,1.0,0.0,0.009219666353906808,1.2872319736774804,0.009219666353906808,HOLD
2024-08-06,514.30078125,1.0,1.0,1.0,0.0,-0.006684009976378746,1.2786281023235064,-0.006684009976378746,HOLD
2024-08-07,510.8631896972656,1.0,1.0,1.0,0.0,0.023117312371919496,1.3081865475724335,0.023117312371919496,HOLD
2024-08-08,522.6729736328125,1.0,1.0,1.0,0.0,0.004409542202148398,1.313955051362237,0.004409542202148398,HOLD
2024-08-09,524.9777221679688,1.0,1.0,1.0,0.0,0.0005253896678791836,1.3146453897702803,0.0005253896678791836,HOLD
2024-08-12,525.2535400390625,1.0,1.0,1.0,0.0,0.016445740838048506,1.3362657071443775,0.016445740838048506,HOLD
2024-08-13,533.8917236328125,1.0,1.0,1.0,0.0,0.0031545799026486687,1.340481064088734,0.0031545799026486687,HOLD
2024-08-14,535.575927734375,1.0,1.0,1.0,0.0,0.01714041315227699,1.3634574633500187,0.01714041315227699,HOLD
2024-08-15,544.7559204101562,1.0,1.0,1.0,0.0,0.0022419462199565476,1.3665142616560477,0.0022419462199565476,HOLD
2024-08-16,545.9772338867188,1.0,1.0,1.0,0.0,0.009561343504643993,1.3795799739157362,0.009561343504643993,HOLD
2024-08-19,551.197509765625,1.0,1.0,1.0,0.0,-0.0016260981837751265,1.3773366414257793,-0.0016260981837751265,HOLD
2024-08-20,550.3012084960938,1.0,1.0,1.0,0.0,0.0034366166877493054,1.3820700195123516,0.0034366166877493054,HOLD
2024-08-21,552.1923828125,1.0,1.0,1.0,0.0,-0.007848575016137782,1.3712227392866538,-0.007848575016137893,HOLD
2024-08-22,547.8584594726562,1.0,1.0,1.0,0.0,0.010625423276199752,1.3857925612975246,0.010625423276199752,HOLD
2024-08-23,553.6796875,1.0,1.0,1.0,0.0,-0.0023839528862299453,1.3824888971213034,-0.0023839528862299453,HOLD
2024-08-26,552.3597412109375,1.0,1.0,1.0,0.0,0.0013732806091408811,1.3843874423160727,0.0013732806091408811,HOLD
2024-08-27,553.1182861328125,1.0,1.0,1.0,0.0,-0.00580537590388297,1.3763505528168127,-0.00580537590388297,HOLD
2024-08-28,549.9072265625,1.0,1.0,1.0,0.0,8.957032880196891e-05,1.3764738329883752,8.957032880196891e-05,HOLD
2024-08-29,549.9564819335938,1.0,1.0,1.0,0.0,0.009545987913860854,1.389613635561828,0.009545987913860854,HOLD
2024-08-30,555.2063598632812,1.0,1.0,1.0,0.0,-0.02057901164414755,1.361016760374735,-0.02057901164414755,HOLD
2024-09-03,543.78076171875,1.0,1.0,1.0,0.0,-0.00204662451747073,1.3582312701042634,-0.00204662451747073,HOLD
2024-09-04,542.6678466796875,1.0,1.0,1.0,0.0,-0.0024324406398780196,1.3549274531645086,-0.0024324406398780196,HOLD
2024-09-05,541.3478393554688,1.0,1.0,1.0,0.0,-0.01682991818088242,1.3321241349867186,-0.01682991818088242,HOLD
2024-09-06,532.2369995117188,1.0,1.0,1.0,0.0,0.011196110718471042,1.3470387442927774,0.011196110718471042,HOLD
2024-09-09,538.1959838867188,1.0,1.0,1.0,0.0,0.004355733508675463,1.3529060860887776,0.004355733508675463,HOLD
2024-09-10,540.5402221679688,1.0,1.0,1.0,0.0,0.010258901916406549,1.3667854169280718,0.010258901916406549,HOLD
2024-09-11,546.0855712890625,1.0,1.0,1.0,0.0,0.008423320002333812,1.3782982878693801,0.008423320002333812,HOLD
2024-09-12,550.6854248046875,1.0,1.0,1.0,0.0,0.00522276149551737,1.385496811096602,0.00522276149551737,HOLD
2024-09-13,553.5615234375,1.0,1.0,1.0,0.0,0.0014769196979078636,1.387543078628299,0.0014769196979078636,HOLD
2024-09-16,554.3790893554688,1.0,1.0,1.0,0.0,0.0004084577395420119,1.3881098313377127,0.0004084577395420119,HOLD
2024-09-17,554.6055297851562,1.0,1.0,1.0,0.0,-0.0029657771829617596,1.3839930068724864,-0.0029657771829617596,HOLD
2024-09-18,552.960693359375,1.0,1.0,1.0,0.0,0.017064457265068667,1.4076100963934157,0.017064457265068667,HOLD
2024-09-19,562.3966674804688,1.0,1.0,1.0,0.0,-0.0017288332155636077,1.405176573304208,-0.0017288332155636077,HOLD
2024-09-20,561.4243774414062,1.0,1.0,1.0,0.0,0.002499027817624677,1.40868814864957,0.002499027817624677,HOLD
2024-09-23,562.827392578125,1.0,1.0,1.0,0.0,0.002861290368756819,1.4127188144818827,0.002861290368756819,HOLD
2024-09-24,564.4378051757812,1.0,1.0,1.0,0.0,-0.002205509686735607,1.4096030494519094,-0.002205509686735496,HOLD
2024-09-25,563.1929321289062,1.0,1.0,1.0,0.0,0.003964625608232408,1.415191597799209,0.003964625608232408,HOLD
2024-09-26,565.42578125,1.0,1.0,1.0,0.0,-0.0014502474973920876,1.4131392197261703,-0.0014502474973920876,HOLD
2024-09-27,564.6057739257812,1.0,1.0,1.0,0.0,0.0040072424185457756,1.4188020111507678,0.0040072424185457756,HOLD
2024-09-30,566.8682861328125,1.0,1.0,1.0,0.0,-0.008958425077819077,1.4060917796336145,-0.008958425077819077,HOLD
2024-10-01,561.7900390625,1.0,1.0,1.0,0.0,0.00042197356733231217,1.4066851131978633,0.00042197356733231217,HOLD
2024-10-02,562.027099609375,1.0,1.0,1.0,0.0,-0.0018281428440489744,1.4041134918743403,-0.0018281428440489744,HOLD
2024-10-03,560.9996337890625,1.0,1.0,1.0,0.0,0.009087389997930684,1.4168732187763586,0.009087389997930684,HOLD
2024-10-04,566.09765625,1.0,1.0,1.0,0.0,-0.009040485850911884,1.404063996489475,-0.009040485850911884,HOLD
2024-10-07,560.9798583984375,1.0,1.0,1.0,0.0,0.009457524860479127,1.417342966641978,0.009457524860479127,HOLD
2024-10-08,566.2853393554688,1.0,1.0,1.0,0.0,0.0069264785941913765,1.4271601623610513,0.0069264785941913765,HOLD
2024-10-09,570.2077026367188,1.0,1.0,1.0,0.0,-0.0017500005084409853,1.4246626313512927,-0.0017500005084409853,HOLD
2024-10-10,569.2098388671875,1.0,1.0,1.0,0.0,0.0059882473969898875,1.4331938636450707,0.0059882473969898875,HOLD
2024-10-11,572.618408203125,1.0,1.0,1.0,0.0,0.008178298787650196,1.444914951282587,0.008178298787650196,HOLD
2024-10-14,577.3014526367188,1.0,1.0,1.0,0.0,-0.0077697251796715605,1.4336883592031227,-0.0077697251796716715,HOLD
2024-10-15,572.8159790039062,1.0,1.0,1.0,0.0,0.004346502515658823,1.4399198892630698,0.004346502515658823,HOLD
2024-10-16,575.3057250976562,1.0,1.0,1.0,0.0,8.57220849690421e-05,1.4400433221981659,8.57220849690421e-05,HOLD
2024-10-17,575.3550415039062,1.0,1.0,1.0,0.0,0.0038465549199675486,1.4455825279241337,0.0038465549199675486,HOLD
2024-10-18,577.5681762695312,1.0,1.0,1.0,0.0,-0.0016421010227650745,1.4432087353765382,-0.0016421010227650745,HOLD
2024-10-21,576.6197509765625,1.0,1.0,1.0,0.0,-0.0005311549136910454,1.442442167965261,-0.0005311549136910454,HOLD
2024-10-22,576.3134765625,1.0,1.0,1.0,0.0,-0.009137478924671094,1.4292618830554216,-0.009137478924671094,HOLD
2024-10-23,571.0474243164062,1.0,1.0,1.0,0.0,0.0021627737629623667,1.432353053156496,0.0021627737629623667,HOLD
2024-10-24,572.282470703125,1.0,1.0,1.0,0.0,-0.0003452330114855906,1.4318585575984444,-0.0003452330114854796,HOLD
2024-10-25,572.0848999023438,1.0,1.0,1.0,0.0,0.0030914199759544125,1.4362850337461455,0.0030914199759544125,HOLD
2024-10-28,573.8534545898438,1.0,1.0,1.0,0.0,0.0016182701261377996,1.4386093309088757,0.0016182701261377996,HOLD
2024-10-29,574.7821044921875,1.0,1.0,1.0,0.0,-0.0030251995544336996,1.434257250602006,-0.0030251995544336996,HOLD
2024-10-30,573.0432739257812,1.0,1.0,1.0,0.0,-0.01960316084978808,1.40614127501848,-0.01960316084978797,HOLD
2024-10-31,561.809814453125,1.0,1.0,1.0,0.0,0.004220456262957972,1.4120758327692355,0.004220456262957972,HOLD
2024-11-01,564.180908203125,1.0,1.0,1.0,0.0,-0.0021539366952487704,1.40903431081656,-0.0021539366952487704,HOLD
2024-11-04,562.9656982421875,1.0,1.0,1.0,0.0,0.01209176864206385,1.4260720277116836,0.01209176864206385,HOLD
2024-11-05,569.77294921875,1.0,1.0,1.0,0.0,0.02486566914760968,1.4615322629334233,0.02486566914760968,HOLD
2024-11-06,583.9407348632812,1.0,1.0,1.0,0.0,0.007732078640910078,1.4728329453266518,0.007732078640910078,HOLD
2024-11-07,588.455810546875,1.0,1.0,1.0,0.0,0.004331591513972333,1.4792126560141277,0.004331591513972333,HOLD
2024-11-08,591.0047607421875,1.0,1.0,1.0,0.0,0.0009530082653947947,1.4806223579015858,0.0009530082653947947,HOLD
2024-11-11,591.5679931640625,1.0,1.0,1.0,0.0,-0.003106296267636477,1.476023106197457,-0.003106296267636477,HOLD
2024-11-12,589.7304077148438,1.0,1.0,1.0,0.0,0.00048581355088628264,1.476740178223869,0.00048581355088628264,HOLD
2024-11-13,590.0169067382812,1.0,1.0,1.0,0.0,-0.006430128076019059,1.4672445497428863,-0.006430128076019059,HOLD
2024-11-14,586.2230224609375,1.0,1.0,1.0,0.0,-0.01280865428284006,1.4484511215568483,-0.01280865428284006,HOLD
2024-11-15,578.7142944335938,1.0,1.0,1.0,0.0,0.0040972804853161016,1.4543858320711374,0.0040972804853161016,HOLD
2024-11-18,581.08544921875,1.0,1.0,1.0,0.0,0.0036554787435623126,1.4597023085652117,0.0036554787435623126,HOLD
2024-11-19,583.2095947265625,1.0,1.0,1.0,0.0,0.00033886931512183693,1.460196956886797,0.00033886931512183693,HOLD
2024-11-20,583.4072265625,1.0,1.0,1.0,0.0,0.00536818159753194,1.468035559319529,0.00536818159753194,HOLD
2024-11-21,586.5390625,1.0,1.0,1.0,0.0,0.0030995261531494567,1.4725857739293933,0.0030995261531494567,HOLD
2024-11-22,588.3570556640625,1.0,1.0,1.0,0.0,0.0033920346834457327,1.4775808359489107,0.0033920346834457327,HOLD
2024-11-25,590.352783203125,1.0,1.0,1.0,0.0,0.0052214872512752475,1.4852960054465465,0.0052214872512752475,HOLD
2024-11-26,593.435302734375,1.0,1.0,1.0,0.0,-0.0030300804990802677,1.480795438985081,-0.0030300804990802677,HOLD
2024-11-27,591.6371459960938,1.0,1.0,1.0,0.0,0.006212175872964076,1.4899944006839394,0.006212175872964076,HOLD
2024-11-29,595.3125,1.0,1.0,1.0,0.0,0.0017924663713910771,1.4926651655407264,0.0017924663713910771,HOLD
2024-12-02,596.3795776367188,1.0,1.0,1.0,0.0,0.00046371522992894043,1.493357337111172,0.00046371522992894043,HOLD
2024-12-03,596.6561279296875,1.0,1.0,1.0,0.0,0.00620943093702353,1.502630236360261,0.00620943093702353,HOLD
2024-12-04,600.3610229492188,1.0,1.0,1.0,0.0,-0.0016454332745545752,1.500157758570002,-0.0016454332745545752,HOLD
2024-12-05,599.3731689453125,1.0,1.0,1.0,0.0,0.0018954942551676623,1.5030012989832167,0.0018954942551676623,HOLD
2024-12-06,600.50927734375,1.0,1.0,1.0,0.0,-0.005149641051743981,1.4952613817931482,-0.005149641051743981,HOLD
2024-12-09,597.4168701171875,1.0,1.0,1.0,0.0,-0.003109190588795885,1.490612329177087,-0.003109190588795885,HOLD
2024-12-10,595.5593872070312,1.0,1.0,1.0,0.0,0.007730656321274232,1.5021357408022091,0.007730656321274232,HOLD
2024-12-11,600.1634521484375,1.0,1.0,1.0,0.0,-0.005152506671868173,1.494395976375674,-0.005152506671868284,HOLD
2024-12-12,597.0711059570312,1.0,1.0,1.0,0.0,-0.00019851952682836682,1.4940993095935498,-0.00019851952682836682,HOLD
2024-12-13,596.9525756835938,1.0,1.0,1.0,0.0,0.0042699375111894255,1.5004790202810254,0.0042699375111894255,HOLD
2024-12-16,599.5015258789062,1.0,1.0,1.0,0.0,-0.004120040728009644,1.4942969856059436,-0.004120040728009644,HOLD
2024-12-17,597.0315551757812,1.0,1.0,1.0,0.0,-0.02980351705443751,1.4497616799110422,-0.02980351705443751,HOLD
2024-12-18,579.2379150390625,1.0,1.0,1.0,0.0,-0.0003070524920670836,1.4493165269743222,-0.0003070524920670836,HOLD
2024-12-19,579.06005859375,1.0,1.0,1.0,0.0,0.012010978864421151,1.466724237147667,0.012010978864421151,HOLD
2024-12-20,586.01513671875,1.0,1.0,1.0,0.0,0.005988269054350237,1.4755073765082438,0.005988269054350237,HOLD
2024-12-23,589.5243530273438,1.0,1.0,1.0,0.0,0.011114979789863533,1.4919076111779275,0.011114979789863533,HOLD
2024-12-24,596.076904296875,1.0,1.0,1.0,0.0,6.676138865335801e-05,1.4920072130017923,6.676138865335801e-05,HOLD
2024-12-26,596.11669921875,1.0,1.0,1.0,0.0,-0.010526605708987335,1.4763014413555573,-0.010526605708987335,HOLD
2024-12-27,589.8416137695312,1.0,1.0,1.0,0.0,-0.011411568647030523,1.4594545261138183,-0.011411568647030523,HOLD
2024-12-30,583.110595703125,1.0,1.0,1.0,0.0,-0.0036380730197900224,1.4541449239787532,-0.0036380730197900224,HOLD
2024-12-31,580.9891967773438,1.0,1.0,1.0,0.0,-0.002457104671566457,1.4505719376929103,-0.002457104671566457,HOLD
2025-01-02,579.5616455078125,1.0,1.0,1.0,0.0,0.012503451621171946,1.4687090937388831,0.012503451621171946,HOLD
2025-01-03,586.8081665039062,1.0,1.0,1.0,0.0,0.005760606765051746,1.4771697492801683,0.005760606765051746,HOLD
2025-01-06,590.1885375976562,1.0,1.0,1.0,0.0,-0.011304133169673491,1.460471625720092,-0.011304133169673491,HOLD
2025-01-07,583.5169677734375,1.0,1.0,1.0,0.0,0.0014609310001671982,1.4626052739929711,0.0014609310001671982,HOLD
2025-01-08,584.3694458007812,1.0,1.0,1.0,0.0,-0.015267315897157685,1.4402752172420716,-0.015267315897157685,HOLD
2025-01-10,575.4476928710938,1.0,1.0,1.0,0.0,0.0015504657071625516,1.4425083145752815,0.0015504657071625516,HOLD
2025-01-13,576.3399047851562,1.0,1.0,1.0,0.0,0.0013759758409437328,1.4444931711664974,0.0013759758409437328,HOLD
2025-01-14,577.1329345703125,1.0,1.0,1.0,0.0,0.018189997912380518,1.470768498934464,0.018189997912380518,HOLD
2025-01-15,587.6309814453125,1.0,1.0,1.0,0.0,-0.0019231915756813267,1.4679399293475357,-0.0019231915756814377,HOLD
2025-01-16,586.5008544921875,1.0,1.0,1.0,0.0,0.01003993035862405,1.4826779440088285,0.01003993035862405,HOLD
2025-01-17,592.3892822265625,1.0,1.0,1.0,0.0,0.009153481467499613,1.4962496090915838,0.009153481467499613,HOLD
2025-01-21,597.8117065429688,1.0,1.0,1.0,0.0,0.005621495307541968,1.5046607692480036,0.005621495307541968,HOLD
2025-01-22,601.1723022460938,1.0,1.0,1.0,0.0,0.0054581873165091555,1.512873489574362,0.0054581873165091555,HOLD
2025-01-23,604.45361328125,1.0,1.0,1.0,0.0,-0.0029193098751858493,1.5084569430563408,-0.0029193098751858493,HOLD
2025-01-24,602.6890258789062,1.0,1.0,1.0,0.0,-0.014145385412078881,1.4871192382192826,-0.014145385412078881,HOLD
2025-01-27,594.1637573242188,1.0,1.0,1.0,0.0,0.00859238817850927,1.4998971439817916,0.00859238817850927,HOLD
2025-01-28,599.26904296875,1.0,1.0,1.0,0.0,-0.00448300053043138,1.4931731042897287,-0.00448300053043138,HOLD
2025-01-29,596.58251953125,1.0,1.0,1.0,0.0,0.005367179270601374,1.5011872320224922,0.005367179270601374,HOLD
2025-01-30,599.7844848632812,1.0,1.0,1.0,0.0,-0.005321939266718645,1.493198004745695,-0.005321939266718645,HOLD
2025-01-31,596.5924682617188,1.0,1.0,1.0,0.0,-0.006729604808231482,1.4831493722733167,-0.006729604808231482,HOLD
2025-02-03,592.57763671875,1.0,1.0,1.0,0.0,0.006708352594225975,1.493098861212431,0.006708352594225975,HOLD
2025-02-04,596.5528564453125,1.0,1.0,1.0,0.0,0.00405446247678265,1.4991525745193437,0.00405446247678265,HOLD
2025-02-05,598.9715576171875,1.0,1.0,1.0,0.0,0.003475602610676143,1.504363033121145,0.003475602610676143,HOLD
2025-02-06,601.0533447265625,1.0,1.0,1.0,0.0,-0.009153648512164048,1.4905926226812611,-0.009153648512164048,HOLD
2025-02-07,595.551513671875,1.0,1.0,1.0,0.0,0.006791380101247135,1.5007158037580044,0.006791380101247135,HOLD
2025-02-10,599.5961303710938,1.0,1.0,1.0,0.0,0.0007606031199995922,1.5018572528805754,0.0007606031199995922,HOLD
2025-02-11,600.0521850585938,1.0,1.0,1.0,0.0,-0.003221562252225141,1.4970189262464648,-0.003221562252225141,HOLD
2025-02-12,598.1190795898438,1.0,1.0,1.0,0.0,0.010557592093459522,1.5128238414259638,0.010557592093459522,HOLD
2025-02-13,604.4337768554688,1.0,1.0,1.0,0.0,-4.9277782596668374e-05,1.5127492928215989,-4.9277782596779396e-05,HOLD
2025-02-14,604.4039916992188,1.0,1.0,1.0,0.0,0.0029359089649085846,1.517190587032053,0.0029359089649085846,HOLD
2025-02-18,606.178466796875,1.0,1.0,1.0,0.0,0.002354900928629222,1.5207634205543623,0.002354900928629222,HOLD
2025-02-19,607.60595703125,1.0,1.0,1.0,0.0,-0.004160415211788671,1.5144364132859562,-0.004160415211788671,HOLD
2025-02-20,605.0780639648438,1.0,1.0,1.0,0.0,-0.017104080969988833,1.4885333702492138,-0.017104080969988833,HOLD
2025-02-21,594.728759765625,1.0,1.0,1.0,0.0,-0.004550373171856137,1.4817599879358192,-0.004550373171856137,HOLD
2025-02-24,592.0225219726562,1.0,1.0,1.0,0.0,-0.004973248133421038,1.4743908278416393,-0.004973248133421038,HOLD
2025-02-25,589.0782470703125,1.0,1.0,1.0,0.0,0.0005048978092221379,1.475135244540554,0.0005048978092221379,HOLD
2025-02-26,589.3756713867188,1.0,1.0,1.0,0.0,-0.015962066751854298,1.4515890372991846,-0.015962066751854298,HOLD
2025-02-27,579.968017578125,1.0,1.0,1.0,0.0,0.015605655787356953,1.4742420361599766,0.015605655787356953,HOLD
2025-02-28,589.018798828125,1.0,1.0,1.0,0.0,-0.017519950294720976,1.4484133889640656,-0.017519950294720976,HOLD
2025-03-03,578.69921875,1.0,1.0,1.0,0.0,-0.01183684954808395,1.4312687375954676,-0.01183684954808395,HOLD
2025-03-04,571.8492431640625,1.0,1.0,1.0,0.0,0.010747901256652481,1.4466518726588773,0.010747901256652481,HOLD
2025-03-05,577.9954223632812,1.0,1.0,1.0,0.0,-0.01775123372774534,1.4209720171446292,-0.01775123372774523,HOLD
2025-03-06,567.7352905273438,1.0,1.0,1.0,0.0,0.005604844236718254,1.42893634396546,0.005604844236718254,HOLD
2025-03-07,570.9173583984375,1.0,1.0,1.0,0.0,-0.026635492537345318,1.3908759206394266,-0.026635492537345318,HOLD
2025-03-10,555.710693359375,1.0,1.0,1.0,0.0,-0.008312900806654588,1.3793137070767867,-0.008312900806654588,HOLD
2025-03-11,551.0911254882812,1.0,1.0,1.0,0.0,0.005306522471787645,1.3866330662590345,0.005306522471787645,HOLD
2025-03-12,554.0155029296875,1.0,1.0,1.0,0.0,-0.013330410191043529,1.368148678701337,-0.013330410191043529,HOLD
2025-03-13,546.6302490234375,1.0,1.0,1.0,0.0,0.02065567290718273,1.3964087102969862,0.02065567290718273,HOLD
2025-03-14,557.9212646484375,1.0,1.0,1.0,0.0,0.007711315917698913,1.4071768590123128,0.007711315917698913,HOLD
2025-03-17,562.2235717773438,1.0,1.0,1.0,0.0,-0.010808371431663799,1.3919675688500657,-0.010808371431663799,HOLD
2025-03-18,556.1468505859375,1.0,1.0,1.0,0.0,0.010890801160239771,1.4071272108639141,0.010890801160239771,HOLD
2025-03-19,562.2037353515625,1.0,1.0,1.0,0.0,-0.0028917140169094635,1.4030582013846842,-0.0028917140169094635,HOLD
2025-03-20,560.5780029296875,1.0,1.0,1.0,0.0,0.0003299032828099069,1.4035210748912943,0.0003299032828099069,HOLD
2025-03-21,560.762939453125,1.0,1.0,1.0,0.0,0.01790849345962031,1.4286560228814242,0.01790849345962031,HOLD
2025-03-24,570.8053588867188,1.0,1.0,1.0,0.0,0.002403851551660896,1.4320902998788174,0.002403851551660896,HOLD
2025-03-25,572.177490234375,1.0,1.0,1.0,0.0,-0.011938272063231614,1.4149936162597492,-0.011938272063231614,HOLD
2025-03-26,565.3466796875,1.0,1.0,1.0,0.0,-0.0026557223426582066,1.4112357860983293,-0.0026557223426583176,HOLD
2025-03-27,563.8452758789062,1.0,1.0,1.0,0.0,-0.020138252254996436,1.3828159638466029,-0.020138252254996547,HOLD
2025-03-28,552.4904174804688,1.0,1.0,1.0,0.0,0.006712768433682514,1.3920984871983046,0.006712768433682514,HOLD
2025-03-31,556.1991577148438,1.0,1.0,1.0,0.0,0.002824389123523119,1.3960303150244204,0.002824389123523119,HOLD
2025-04-01,557.7700805664062,1.0,1.0,1.0,0.0,0.006328387411288716,1.4048649356957983,0.006328387411288716,HOLD
2025-04-02,561.2998657226562,1.0,1.0,1.0,0.0,-0.04928070817761465,1.3356321967708102,-0.04928070817761465,HOLD
2025-04-03,533.6386108398438,1.0,1.0,1.0,0.0,-0.05854301689268204,1.2574402585128466,-0.058543016892682154,HOLD
2025-04-04,502.3977966308594,1.0,1.0,1.0,0.0,-0.0017811920142971616,1.2552005159659276,-0.0017811920142972726,HOLD
2025-04-07,501.5029296875,1.0,1.0,1.0,0.0,-0.015662758816759825,1.235540613017681,-0.015662758816759714,HOLD
2025-04-08,493.64801025390625,1.0,1.0,1.0,0.0,0.10501934425982218,1.3652962780031765,0.10501934425982218,HOLD
2025-04-09,545.4906005859375,1.0,1.0,1.0,0.0,-0.04381896224348292,1.3054704119461875,-0.04381896224348303,HOLD
2025-04-10,521.5877685546875,1.0,1.0,1.0,0.0,0.017842787256365567,1.3287636427760232,0.017842787256365567,HOLD
2025-04-11,530.8943481445312,1.0,1.0,1.0,0.0,0.009701347627829371,1.3416544407898143,0.009701347627829371,HOLD
2025-04-14,536.0447387695312,1.0,1.0,1.0,0.0,-0.0028008927240665837,1.3378966106283945,-0.0028008927240665837,HOLD
2025-04-15,534.5433349609375,1.0,1.0,1.0,0.0,-0.022227898329724827,1.308157980791663,-0.022227898329724938,HOLD
2025-04-16,522.6615600585938,1.0,1.0,1.0,0.0,0.0014266717908673066,1.3100242928808563,0.0014266717908673066,HOLD
2025-04-17,523.4072265625,1.0,1.0,1.0,0.0,-0.023802682617838022,1.2788422004157556,-0.023802682617838022,HOLD
2025-04-21,510.94873046875,1.0,1.0,1.0,0.0,0.026017800640849797,1.3121148618372784,0.026017800640849797,HOLD
2025-04-22,524.2424926757812,1.0,1.0,1.0,0.0,0.015495409403611937,1.3324466188060107,0.015495409403611937,HOLD
2025-04-23,532.3658447265625,1.0,1.0,1.0,0.0,0.021048964021112893,1.360493239745312,0.021048964021112893,HOLD
2025-04-24,543.5715942382812,1.0,1.0,1.0,0.0,0.00722522891344668,1.3703231148376687,0.00722522891344668,HOLD
2025-04-25,547.4990234375,1.0,1.0,1.0,0.0,0.00038137286203787646,1.370845718885891,0.00038137286203787646,HOLD
2025-04-28,547.7078247070312,1.0,1.0,1.0,0.0,0.006299335442844001,1.3794811359095398,0.006299335442844001,HOLD
2025-04-29,551.1580200195312,1.0,1.0,1.0,0.0,0.00039700236086281926,1.3800287931772617,0.00039700236086281926,HOLD
2025-04-30,551.3768310546875,1.0,1.0,1.0,0.0,0.007086862410970118,1.389808867357686,0.007086862410970118,HOLD
2025-05-01,555.2843627929688,1.0,1.0,1.0,0.0,0.014844172407353584,1.4104394297980123,0.014844172407353584,HOLD
2025-05-02,563.527099609375,1.0,1.0,1.0,0.0,-0.005734321055260616,1.4023515172785517,-0.005734321055260727,HOLD
2025-05-05,560.295654296875,1.0,1.0,1.0,0.0,-0.008358384485032677,1.3906301241139687,-0.008358384485032566,HOLD
2025-05-06,555.6124877929688,1.0,1.0,1.0,0.0,0.0042054650283336326,1.3964783704682773,0.0042054650283336326,HOLD
2025-05-07,557.9490966796875,1.0,1.0,1.0,0.0,0.006967831538101654,1.406208796500303,0.006967831538101654,HOLD
2025-05-08,561.8367919921875,1.0,1.0,1.0,0.0,-0.0012740716213365255,1.4044171857790082,-0.0012740716213364145,HOLD
2025-05-09,561.1209716796875,1.0,1.0,1.0,0.0,0.03304738200401469,1.4508294970104503,0.03304738200401469,HOLD
2025-05-12,579.66455078125,1.0,1.0,1.0,0.0,0.006603824443858652,1.460410520306679,0.006603824443858652,HOLD
2025-05-13,583.4925537109375,1.0,1.0,1.0,0.0,0.001278041226610016,1.462276985159406,0.001278041226610016,HOLD
2025-05-14,584.23828125,1.0,1.0,1.0,0.0,0.004884373015077159,1.469419291406287,0.004884373015077159,HOLD
2025-05-15,587.0919189453125,1.0,1.0,1.0,0.0,0.006334083036816818,1.478726715213955,0.006334083036816818,HOLD
2025-05-16,590.8106079101562,1.0,1.0,1.0,0.0,0.0010938196195577898,1.4803441755070201,0.0010938196195577898,HOLD
2025-05-19,591.4568481445312,1.0,1.0,1.0,0.0,-0.0033621834492569835,1.4753669868209265,-0.0033621834492569835,HOLD
2025-05-20,589.46826171875,1.0,1.0,1.0,0.0,-0.016850751844510237,1.4505059438464243,-0.016850751844510237,HOLD
2025-05-21,579.5352783203125,1.0,1.0,1.0,0.0,0.00039462434647918876,1.4510783488065788,0.00039462434647918876,HOLD
2025-05-22,579.7639770507812,1.0,1.0,1.0,0.0,-0.006825771490515775,1.4411736195827902,-0.006825771490515775,HOLD
2025-05-23,575.806640625,1.0,1.0,1.0,0.0,0.020790615576653737,1.4711365062867505,0.020790615576653737,HOLD
2025-05-27,587.7780151367188,1.0,1.0,1.0,0.0,-0.005785472819492488,1.4626252860158653,-0.005785472819492599,HOLD
2025-05-28,584.37744140625,1.0,1.0,1.0,0.0,0.003947489357079892,1.468398983765809,0.003947489357079892,HOLD
2025-05-29,586.6842651367188,1.0,1.0,1.0,0.0,-0.0011185744002305542,1.4667564702532438,-0.0011185744002305542,HOLD
2025-05-30,586.0280151367188,1.0,1.0,1.0,0.0,0.005632983987994278,1.4750186859644674,0.005632983987994278,HOLD
2025-06-02,589.3291015625,1.0,1.0,1.0,0.0,0.005702616355661272,1.4834301516479544,0.005702616355661272,HOLD
2025-06-03,592.6898193359375,1.0,1.0,1.0,0.0,-0.00026846867813934416,1.4830318971160295,-0.00026846867813934416,HOLD
2025-06-04,592.5307006835938,1.0,1.0,1.0,0.0,-0.004832806844400794,1.4758646904131825,-0.004832806844400794,HOLD
2025-06-05,589.6671142578125,1.0,1.0,1.0,0.0,0.010269010608102258,1.491020360575159,0.010269010608102258,HOLD
2025-06-06,595.722412109375,1.0,1.0,1.0,0.0,0.0009013027856885625,1.4923642213796637,0.0009013027856885625,HOLD
2025-06-09,596.2593383789062,1.0,1.0,1.0,0.0,0.005669706144252773,1.500825487975083,0.005669706144252773,HOLD
2025-06-10,599.6399536132812,1.0,1.0,1.0,0.0,-0.002852053249320252,1.496545053765441,-0.002852053249320363,HOLD
2025-06-11,597.9297485351562,1.0,1.0,1.0,0.0,0.003974284235328973,1.5024927491800806,0.003974284235328973,HOLD
2025-06-12,600.3060913085938,1.0,1.0,1.0,0.0,-0.011180107804297013,1.4856947182690727,-0.011180107804297013,HOLD
2025-06-13,593.5946044921875,1.0,1.0,1.0,0.0,0.009514208796833623,1.4998299280270375,0.009514208796833623,HOLD
2025-06-16,599.2421875,1.0,1.0,1.0,0.0,-0.008545135131611592,1.4870136786176111,-0.008545135131611592,HOLD
2025-06-17,594.12158203125,1.0,1.0,1.0,0.0,-0.00015060476132944256,1.4867897272774493,-0.00015060476132944256,HOLD
2025-06-18,594.0321044921875,1.0,1.0,1.0,0.0,-0.002348596298099359,1.4832978584279133,-0.002348596298099359,HOLD
2025-06-20,592.636962890625,1.0,1.0,1.0,0.0,0.009877480029380825,1.4979491034021584,0.009877480029380825,HOLD
2025-06-23,598.49072265625,1.0,1.0,1.0,0.0,0.011047279574515567,1.514497365935837,0.011047279574515567,HOLD
2025-06-24,605.1024169921875,1.0,1.0,1.0,0.0,0.0005603188542100401,1.5153459673646223,0.0005603188542100401,HOLD
2025-06-25,605.4414672851562,1.0,1.0,1.0,0.0,0.007823840449262098,1.5272017924387158,0.007823840449262098,HOLD
2025-06-26,610.1783447265625,1.0,1.0,1.0,0.0,0.004968310006379761,1.53478940438585,0.004968310006379761,HOLD
2025-06-27,613.2098999023438,1.0,1.0,1.0,0.0,0.004781209119572027,1.5421275534827223,0.004781209119572027,HOLD
2025-06-30,616.1417846679688,1.0,1.0,1.0,0.0,-0.0003236298209773336,1.5416284750186646,-0.0003236298209772226,HOLD
2025-07-01,615.9423828125,1.0,1.0,1.0,0.0,0.004533275199175568,1.5486171011508096,0.004533275199175568,HOLD
2025-07-02,618.734619140625,1.0,1.0,1.0,0.0,0.007881351217300603,1.5608222964260972,0.007881351217300603,HOLD
2025-07-03,623.611083984375,1.0,1.0,1.0,0.0,-0.007451911689688506,1.5491911865098331,-0.007451911689688506,HOLD
2025-07-07,618.9639892578125,1.0,1.0,1.0,0.0,-0.0005477706277796646,1.548342585081048,-0.0005477706277796646,HOLD
2025-07-08,618.6249389648438,1.0,1.0,1.0,0.0,0.005996615280215112,1.5576273998857528,0.005996615280215112,HOLD
2025-07-09,622.3345947265625,1.0,1.0,1.0,0.0,0.0028203284907413195,1.56202042081961,0.0028203284907413195,HOLD
2025-07-10,624.0897827148438,1.0,1.0,1.0,0.0,-0.003515471310904239,1.5565291828431722,-0.003515471310904128,HOLD
2025-07-11,621.8958129882812,1.0,1.0,1.0,0.0,0.0019082079637526839,1.559499364225687,0.0019082079637526839,HOLD
2025-07-14,623.08251953125,1.0,1.0,1.0,0.0,-0.004273266498076467,1.5528352078387697,-0.004273266498076467,HOLD
2025-07-15,620.419921875,1.0,1.0,1.0,0.0,0.00334324975208955,1.5580267237624126,0.00334324975208955,HOLD
2025-07-16,622.494140625,1.0,1.0,1.0,0.0,0.006119653171936301,1.5675613069444467,0.006119653171936301,HOLD
2025-07-17,626.3035888671875,1.0,1.0,1.0,0.0,-0.0007323592062571382,1.5664132889899336,-0.0007323592062570272,HOLD
2025-07-18,625.8449096679688,1.0,1.0,1.0,0.0,0.0018961671248525214,1.5693834703724485,0.0018961671248525214,HOLD
2025-07-21,627.0316162109375,1.0,1.0,1.0,0.0,0.00014308956258002326,1.5696080327667443,0.00014308956258002326,HOLD
2025-07-22,627.121337890625,1.0,1.0,1.0,0.0,0.008507549960310445,1.582961551523612,0.008507549960310445,HOLD
2025-07-23,632.4566040039062,1.0,1.0,1.0,0.0,0.000331011779483692,1.5834855304436362,0.000331011779483692,HOLD
2025-07-24,632.6659545898438,1.0,1.0,1.0,0.0,0.0042243578976959295,1.590174740050053,0.0042243578976959295,HOLD
2025-07-25,635.3385620117188,1.0,1.0,1.0,0.0,-0.000251119494356411,1.5897754161733932,-0.000251119494356411,HOLD
2025-07-28,635.1790161132812,1.0,1.0,1.0,0.0,-0.002637609180098366,1.5855822099413996,-0.002637609180098366,HOLD
2025-07-29,633.503662109375,1.0,1.0,1.0,0.0,-0.0012593305691198653,1.5835854377945677,-0.0012593305691198653,HOLD
2025-07-30,632.7058715820312,1.0,1.0,1.0,0.0,-0.0037512107798256533,1.5776450750295379,-0.0037512107798256533,HOLD
2025-07-31,630.3324584960938,1.0,1.0,1.0,0.0,-0.016390431365516545,1.551786791708121,-0.016390431365516656,HOLD
2025-08-01,620.0010375976562,1.0,1.0,1.0,0.0,0.015199795788522152,1.5753736340494104,0.015199795788522152,HOLD
2025-08-04,629.4249267578125,1.0,1.0,1.0,0.0,-0.005069964619629497,1.5673865454620828,-0.005069964619629497,HOLD
2025-08-05,626.2337646484375,1.0,1.0,1.0,0.0,0.0076596842911853535,1.579392231562574,0.0076596842911853535,HOLD
2025-08-06,631.030517578125,1.0,1.0,1.0,0.0,-0.0008376210633260772,1.5780692993621634,-0.0008376210633260772,HOLD
2025-08-07,630.501953125,1.0,1.0,1.0,0.0,0.007797567971946862,1.5903744019883825,0.007797567971946862,HOLD
2025-08-08,635.4183349609375,1.0,1.0,1.0,0.0,-0.001977485842922677,1.5872294591235039,-0.001977485842922677,HOLD
2025-08-11,634.1618041992188,1.0,1.0,1.0,0.0,0.010646088630271056,1.60412724462191,0.010646088630271056,HOLD
2025-08-12,640.9131469726562,1.0,1.0,1.0,0.0,0.0034230982805847354,1.6096183298348143,0.0034230982805847354,HOLD
2025-08-13,643.1070556640625,1.0,1.0,1.0,0.0,9.300854748550691e-05,1.6097680380976784,9.300854748550691e-05,HOLD
2025-08-14,643.1668701171875,1.0,1.0,1.0,0.0,-0.0023412249756729064,1.6059992089618442,-0.0023412249756729064,HOLD
2025-08-15,641.6610717773438,1.0,1.0,1.0,0.0,-0.00021763582620526467,1.6056496859971168,-0.00021763582620526467,HOLD
2025-08-18,641.5214233398438,1.0,1.0,1.0,0.0,-0.005425144902516887,1.5969388037879018,-0.005425144902516776,HOLD
2025-08-19,638.0410766601562,1.0,1.0,1.0,0.0,-0.0026570585531485724,1.5926956438804423,-0.0026570585531485724,HOLD
2025-08-20,636.3457641601562,1.0,1.0,1.0,0.0,-0.004011840141401879,1.5863060035632868,-0.004011840141401879,HOLD
2025-08-21,633.7928466796875,1.0,1.0,1.0,0.0,0.015356803532182273,1.6106665932019295,0.015356803532182273,HOLD
2025-08-22,643.52587890625,1.0,1.0,1.0,0.0,-0.004401088516101992,1.6035779069553193,-0.004401088516101992,HOLD
2025-08-25,640.6936645507812,1.0,1.0,1.0,0.0,0.004187051216404392,1.6102921697812358,0.004187051216404392,HOLD
2025-08-26,643.3762817382812,1.0,1.0,1.0,0.0,0.002278514804511911,1.613961244329672,0.002278514804511911,HOLD
2025-08-27,644.8422241210938,1.0,1.0,1.0,0.0,0.0035413784731703757,1.6196768919368725,0.0035413784731703757,HOLD
2025-08-28,647.1258544921875,1.0,1.0,1.0,0.0,-0.005963682184690233,1.610017653711474,-0.005963682184690233,HOLD
2025-08-29,643.2666015625,1.0,1.0,1.0,0.0,-0.00741027850099818,1.5980869745059485,-0.00741027850099818,HOLD
2025-09-02,638.4998168945312,1.0,1.0,1.0,0.0,0.0054195601815894,1.6067479030396976,0.0054195601815894,HOLD
2025-09-03,641.960205078125,1.0,1.0,1.0,0.0,0.008357390788786612,1.6201761231644638,0.008357390788786612,HOLD
2025-09-04,647.3253173828125,1.0,1.0,1.0,0.0,-0.0028962514584031096,1.6154836857048789,-0.0028962514584031096,HOLD
2025-09-05,645.4505004882812,1.0,1.0,1.0,0.0,0.002456628855379561,1.6194523295425765,0.002456628855379561,HOLD
2025-09-08,647.0361328125,1.0,1.0,1.0,0.0,0.002311848648811843,1.6231962582224446,0.002311848648811843,HOLD
2025-09-09,648.531982421875,1.0,1.0,1.0,0.0,0.00289086266421279,1.6278886956820298,0.00289086266421279,HOLD
2025-09-10,650.4067993164062,1.0,1.0,1.0,0.0,0.00831022877152554,1.6414168231577277,0.00831022877152554,HOLD
2025-09-11,655.8118286132812,1.0,1.0,1.0,0.0,-0.0003345797943027362,1.6408676382546705,-0.0003345797943027362,HOLD
2025-09-12,655.5924072265625,1.0,1.0,1.0,0.0,0.005323880160421179,1.6496034209198518,0.005323880160421179,HOLD
2025-09-15,659.0827026367188,1.0,1.0,1.0,0.0,-0.0013768692449287467,1.647332132703258,-0.0013768692449287467,HOLD
2025-09-16,658.1752319335938,1.0,1.0,1.0,0.0,-0.0012423560605266948,1.6452855596444937,-0.0012423560605266948,HOLD
2025-09-17,657.3575439453125,1.0,1.0,1.0,0.0,0.004672452908252023,1.6529730789425596,0.004672452908252023,HOLD
2025-09-18,660.4290161132812,1.0,1.0,1.0,0.0,0.004952835223685836,1.6611599822317507,0.004952835223685836,HOLD
2025-09-19,663.7000122070312,1.0,1.0,1.0,0.0,0.004731075170536503,1.6690190549779762,0.004731075170536503,HOLD
2025-09-22,666.8400268554688,1.0,1.0,1.0,0.0,-0.005443591771073009,1.659933596584534,-0.005443591771073009,HOLD
2025-09-23,663.2100219726562,1.0,1.0,1.0,0.0,-0.0031815658943793457,1.6546524084667062,-0.0031815658943793457,HOLD
2025-09-24,661.0999755859375,1.0,1.0,1.0,0.0,-0.004613504621998388,1.6470186619324443,-0.004613504621998388,HOLD
2025-09-25,658.0499877929688,1.0,1.0,1.0,0.0,0.0057290777314567,1.656454559871815,0.0057290777314567,HOLD
2025-09-26,661.8200073242188,1.0,1.0,1.0,0.0,0.0028104096748033935,1.661109875792751,0.0028104096748033935,HOLD
2025-09-29,663.6799926757812,1.0,1.0,1.0,0.0,0.003766875644270362,1.6673670701263317,0.003766875644270362,HOLD
2025-09-30,666.1799926757812,1.0,1.0,1.0,0.0,0.0034075168215907947,1.6730486514655538,0.0034075168215907947,HOLD
2025-10-01,668.4500122070312,1.0,1.0,1.0,0.0,0.0011518565068935338,1.6749757634410938,0.0011518565068935338,HOLD
2025-10-02,669.219970703125,1.0,1.0,1.0,0.0,-1.4866158967619114e-05,1.6749508629851275,-1.4866158967619114e-05,HOLD
2025-10-03,669.2100219726562,1.0,1.0,1.0,0.0,0.003586263355458641,1.6809576778872448,0.003586263355458641,HOLD
2025-10-06,671.6099853515625,1.0,1.0,1.0,0.0,-0.003707494362329311,1.6747255367731637,-0.003707494362329311,HOLD
2025-10-07,669.1199951171875,1.0,1.0,1.0,0.0,0.005963041402874625,1.6847119944873936,0.005963041402874625,HOLD
2025-10-08,673.1099853515625,1.0,1.0,1.0,0.0,-0.0028970186885769467,1.6798313523544939,-0.0028970186885769467,HOLD
2025-10-09,671.1599731445312,1.0,1.0,1.0,0.0,-0.027027764376787222,1.6344292663703168,-0.027027764376787222,HOLD
2025-10-10,653.02001953125,1.0,1.0,1.0,0.0,0.015344029580113494,1.6595079973801061,0.015344029580113494,HOLD
2025-10-13,663.0399780273438,1.0,1.0,1.0,0.0,-0.0012216421112398734,1.6574806725265672,-0.0012216421112398734,HOLD
2025-10-14,662.22998046875,1.0,1.0,1.0,0.0,0.00443954899070742,1.6648391391733997,0.00443954899070742,HOLD
2025-10-15,665.1699829101562,1.0,1.0,1.0,0.0,-0.006810241559458086,1.6535011824779886,-0.006810241559458086,HOLD
2025-10-16,660.6400146484375,1.0,1.0,1.0,0.0,0.0056763137515907225,1.6628869739783598,0.0056763137515907225,HOLD
2025-10-17,664.3900146484375,1.0,1.0,1.0,0.0,0.010400477117627371,1.6801817919004223,0.010400477117627371,HOLD
2025-10-20,671.2999877929688,1.0,1.0,1.0,0.0,-1.4911017141350236e-05,1.6801567386809226,-1.4911017141350236e-05,HOLD
2025-10-21,671.2899780273438,1.0,1.0,1.0,0.0,-0.005198930936866852,1.6714217198334091,-0.005198930936866852,HOLD
2025-10-22,667.7999877929688,1.0,1.0,1.0,0.0,0.005929952148911788,1.681333170652673,0.005929952148911788,HOLD
2025-10-23,671.760009765625,1.0,1.0,1.0,0.0,0.008172546972973871,1.695073944967051,0.008172546972973871,HOLD
2025-10-24,677.25,1.0,1.0,1.0,0.0,0.011797696913067535,1.71507191361501,0.011797696913067535,HOLD
2025-10-27,685.239990234375,1.0,1.0,1.0,0.0,0.002656014462314449,1.7196271694214809,0.002656014462314449,HOLD
2025-10-28,687.0599975585938,1.0,1.0,1.0,0.0,0.00048033227231458753,1.720453161847303,0.00048033227231458753,HOLD
2025-10-29,687.3900146484375,1.0,1.0,1.0,0.0,-0.010998119550020391,1.7015314122930958,-0.01099811955002028,HOLD
2025-10-30,679.8300170898438,1.0,1.0,1.0,0.0,0.0032802030105936186,1.7071127807543192,0.0032802030105936186,HOLD
2025-10-31,682.0599975585938,1.0,1.0,1.0,0.0,0.0018767107020742912,1.7103165375796086,0.0018767107020742912,HOLD
2025-11-03,683.3400268554688,1.0,1.0,1.0,0.0,-0.011853596017736279,1.6900431362806865,-0.011853596017736279,HOLD
2025-11-04,675.239990234375,1.0,1.0,1.0,0.0,0.0034654743340312155,1.695899937392873,0.0034654743340312155,HOLD
2025-11-05,677.5800170898438,1.0,1.0,1.0,0.0,-0.010729388925125316,1.677703967386489,-0.010729388925125316,HOLD
2025-11-06,670.3099975585938,1.0,1.0,1.0,0.0,0.0009845789961884233,1.6793557994745998,0.0009845789961884233,HOLD
2025-11-07,670.969970703125,1.0,1.0,1.0,0.0,0.01560432239211762,1.7055610087806738,0.01560432239211762,HOLD
2025-11-10,681.4400024414062,1.0,1.0,1.0,0.0,0.0022892661907207845,1.709465491934287,0.0022892661907207845,HOLD
