date,step,nav,reward,portfolio_return,portfolio_return_net,turnover,cost,w_VEON,w_PRGO,w_cash
2020-02-18,1,0.9969049958484247,-0.0030950041515752673,-0.0016950041754171252,-0.0030950041515752673,1.399999976158142,0.001399999976158142,0.15000000596046448,0.15000000596046448,0.699999988079071
2020-02-19,2,0.9994400208419464,0.0022610002940986304,0.0025428952649235725,0.0025428952649235725,0.0,0.0,0.15000000596046448,0.15000000596046448,0.699999988079071
2020-02-20,3,0.99230900420608,-0.0075319020378865715,-0.005735012236982584,-0.007135012093931437,1.3999998569488525,0.0013999998569488527,0.6499999761581421,0.3499999940395355,0.0
2020-02-21,4,0.9937655805163952,0.001082383460856295,0.0014678656589239836,0.0014678656589239836,0.0,0.0,0.6499999761581421,0.3499999940395355,0.0
2020-02-24,5,0.9790405242548181,-0.015450136967337663,-0.01481743436306715,-0.01481743436306715,0.0,0.0,0.6499999761581421,0.3499999940395355,0.0
2020-02-25,6,0.9662981721793809,-0.013679477078103953,-0.013015142641961575,-0.013015142641961575,0.0,0.0,0.6499999761581421,0.3499999940395355,0.0
2020-02-26,7,0.9986326135812652,0.03196088024868718,0.03346217796206474,0.03346217796206474,0.0,0.0,0.6499999761581421,0.3499999940395355,0.0
2020-02-27,8,0.9281053685671552,-0.07334676830990552,-0.07062381505966187,-0.07062381505966187,0.0,0.0,0.6499999761581421,0.3499999940395355,0.0
2020-02-28,9,0.8785382055694544,-0.05633033506637814,-0.05340682715177536,-0.05340682715177536,0.0,0.0,0.6499999761581421,0.3499999940395355,0.0
2020-03-02,10,0.8903284425216369,0.010528689739514954,0.013420289382338524,0.013420289382338524,0.0,0.0,0.6499999761581421,0.3499999940395355,0.0
2020-03-03,11,0.86919556256247,-0.026516834788070428,-0.023136049509048462,-0.023736049473285677,0.5999999642372131,0.0005999999642372131,0.3499999940395355,0.6499999761581421,0.0
2020-03-04,12,0.9299042685984036,0.06634631046368829,0.07044470310211182,0.06984470313787461,0.5999999642372131,0.0005999999642372131,0.6499999761581421,0.3499999940395355,0.0
2020-03-05,13,0.924332971164596,-0.009352440040821483,-0.005991259124130011,-0.005991259124130011,0.0,0.0,0.6499999761581421,0.3499999940395355,0.0
2020-03-06,14,0.8890931201533927,-0.04147095735211294,-0.038124628365039825,-0.038124628365039825,0.0,0.0,0.6499999761581421,0.3499999940395355,0.0
2020-03-09,15,0.753824049414952,-0.15698167275752592,-0.1521427482366562,-0.1521427482366562,0.0,0.0,0.6499999761581421,0.3499999940395355,0.0
2020-03-10,16,0.7620556289280593,0.00618452820690116,0.012319762259721756,0.010919762402772903,1.3999998569488525,0.0013999998569488527,0.15000000596046448,0.15000000596046448,0.699999988079071
2020-03-11,17,0.7561497646140322,-0.012347525318879622,-0.007749912329018116,-0.007749912329018116,0.0,0.0,0.15000000596046448,0.15000000596046448,0.699999988079071
2020-03-12,18,0.6682513999642723,-0.12127676581548158,-0.11484465003013611,-0.11624464988708497,1.3999998569488525,0.0013999998569488527,0.3499999940395355,0.6499999761581421,0.0
2020-03-13,19,0.7116664964014134,0.05970917214356113,0.06556820869445801,0.0649682087302208,0.5999999642372131,0.0005999999642372131,0.6499999761581421,0.3499999940395355,0.0
2020-03-16,20,0.6839623862654166,-0.04407807326365554,-0.038928501307964325,-0.038928501307964325,0.0,0.0,0.6499999761581421,0.3499999940395355,0.0
2020-03-17,21,0.7217558633262999,0.049998267323526926,0.05585666000843048,0.055256660044193266,0.5999999642372131,0.0005999999642372131,0.3499999940395355,0.6499999761581421,0.0
2020-03-18,22,0.6538396775250719,-0.09950044962134796,-0.09349855780601501,-0.09409855777025222,0.5999999642372131,0.0005999999642372131,0.6499999761581421,0.3499999940395355,0.0
2020-03-19,23,0.6459645840033699,-0.01732874964077413,-0.011744379997253418,-0.012044379979372025,0.29999998211860657,0.00029999998211860656,0.5,0.5,0.0
2020-03-20,24,0.6302233834707172,-0.029543522353922602,-0.024068519473075867,-0.024368519455194474,0.29999998211860657,0.00029999998211860656,0.3499999940395355,0.6499999761581421,0.0
2020-03-23,25,0.6336353234828758,0.00032330576246871433,0.0060138581320643425,0.0054138581678271295,0.5999999642372131,0.0005999999642372131,0.6499999761581421,0.3499999940395355,0.0
2020-03-24,26,0.6856702454800231,0.07677983022464545,0.08212124556303024,0.08212124556303024,0.0,0.0,0.6499999761581421,0.3499999940395355,0.0
2020-03-25,27,0.6866407171516289,-0.003833198699824977,0.0017153620719909668,0.0014153620898723603,0.29999998211860657,0.00029999998211860656,0.5,0.5,0.0
2020-03-26,28,0.7091261061594193,0.02752532397126769,0.03304694965481758,0.03274694967269898,0.29999998211860657,0.00029999998211860656,0.3499999940395355,0.6499999761581421,0.0
2020-03-27,29,0.6790621419242172,-0.04755892302833761,-0.041795793920755386,-0.0423957938849926,0.5999999642372131,0.0005999999642372131,0.6499999761581421,0.3499999940395355,0.0
2020-03-30,30,0.712912128020595,0.04465229365546199,0.05044814199209213,0.04984814202785492,0.5999999642372131,0.0005999999642372131,0.3499999940395355,0.6499999761581421,0.0
2020-03-31,31,0.7111343685838191,-0.007689777446525432,-0.0024936585687100887,-0.0024936585687100887,0.0,0.0,0.3499999940395355,0.6499999761581421,0.0
2020-04-01,32,0.6983065774780032,-0.02323145166413283,-0.01773849129676819,-0.018038491278886796,0.29999998211860657,0.00029999998211860656,0.5,0.5,0.0
2020-04-02,33,0.6709395027812415,-0.04440852298653323,-0.03889063000679016,-0.039190629988908765,0.29999998211860657,0.00029999998211860656,0.6499999761581421,0.3499999940395355,0.0
2020-04-03,34,0.6750102861102537,0.0008449187273305925,0.0074672880582511425,0.00606728820130229,1.3999998569488525,0.0013999998569488527,0.15000000596046448,0.15000000596046448,0.699999988079071
2020-04-06,35,0.7151405592679647,0.054077232428473836,0.06085135042667389,0.05945135056972504,1.3999998569488525,0.0013999998569488527,0.3499999940395355,0.6499999761581421,0.0
2020-04-07,36,0.715075257367453,-0.005467157342833461,0.000508686585817486,-9.131337841972707e-05,0.5999999642372131,0.0005999999642372131,0.6499999761581421,0.3499999940395355,0.0
2020-04-08,37,0.724484524001279,0.007823200367161658,0.013158428482711315,0.013158428482711315,0.0,0.0,0.6499999761581421,0.3499999940395355,0.0
2020-04-09,38,0.7318139622570539,0.004895915499947634,0.011516762897372246,0.010116763040423393,1.3999998569488525,0.0013999998569488527,0.15000000596046448,0.15000000596046448,0.699999988079071
2020-04-13,39,0.7276722504733221,-0.010807134460285361,-0.00565951457247138,-0.00565951457247138,0.0,0.0,0.15000000596046448,0.15000000596046448,0.699999988079071
2020-04-14,40,0.7359043834284553,0.006167707686033044,0.011312968097627163,0.011312968097627163,0.0,0.0,0.15000000596046448,0.15000000596046448,0.699999988079071
2020-04-15,41,0.7311648287483898,-0.011574019258891935,-0.0064404490403831005,-0.0064404490403831005,0.0,0.0,0.15000000596046448,0.15000000596046448,0.699999988079071
2020-04-16,42,0.730209722309771,-0.0062523971170568475,-0.001306280610151589,-0.001306280610151589,0.0,0.0,0.15000000596046448,0.15000000596046448,0.699999988079071
2020-04-17,43,0.7343652787715788,0.0007397511670687567,0.007090908009558916,0.005690908152610063,1.3999998569488525,0.0013999998569488527,0.6499999761581421,0.3499999940395355,0.0
2020-04-20,44,0.7205209006530588,-0.023774112312360714,-0.018852168694138527,-0.018852168694138527,0.0,0.0,0.6499999761581421,0.3499999940395355,0.0
2020-04-21,45,0.7045567206989075,-0.02627726533917832,-0.021556442603468895,-0.02215644256770611,0.5999999642372131,0.0005999999642372131,0.3499999940395355,0.6499999761581421,0.0
2020-04-22,46,0.709657857117123,0.0031225185579185372,0.00784020684659481,0.0072402068823575975,0.5999999642372131,0.0005999999642372131,0.6499999761581421,0.3499999940395355,0.0
2020-04-23,47,0.7237332336155585,0.01570054053470678,0.020134031772613525,0.019834031790494918,0.29999998211860657,0.00029999998211860656,0.5,0.5,0.0
2020-04-24,48,0.7256922877128813,-0.0008248973869486725,0.00410687318071723,0.002706873204559088,1.399999976158142,0.001399999976158142,0.15000000596046448,0.15000000596046448,0.699999988079071
2020-04-27,49,0.7275336503658132,-0.0008041395542246,0.0025373876560479403,0.0025373876560479403,0.0,0.0,0.15000000596046448,0.15000000596046448,0.699999988079071
2020-04-28,50,0.7338183202895645,0.005379591414222063,0.01003832183778286,0.008638321980834007,1.3999998569488525,0.0013999998569488527,0.6499999761581421,0.3499999940395355,0.0
2020-04-29,51,0.7451273350377641,0.012290357143095901,0.015411191619932652,0.015411191619932652,0.0,0.0,0.6499999761581421,0.3499999940395355,0.0
2020-04-30,52,0.7547714616278568,0.010372741903646123,0.012942924164235592,0.012942924164235592,0.0,0.0,0.6499999761581421,0.3499999940395355,0.0
2020-05-01,53,0.7424666000200391,-0.018883541784237283,-0.014902764931321144,-0.016302764788269995,1.3999998569488525,0.0013999998569488527,0.15000000596046448,0.15000000596046448,0.699999988079071
2020-05-04,54,0.725191022949557,-0.025844494311279893,-0.021867817267775536,-0.023267817124724387,1.3999998569488525,0.0013999998569488527,0.6499999761581421,0.3499999940395355,0.0
2020-05-05,55,0.7223461986423334,-0.0065045037248342985,-0.003922862000763416,-0.003922862000763416,0.0,0.0,0.6499999761581421,0.3499999940395355,0.0
2020-05-06,56,0.7199748910595621,-0.005429244911423418,-0.0018827855819836259,-0.0032827854389324788,1.3999998569488525,0.0013999998569488527,0.15000000596046448,0.15000000596046448,0.699999988079071
2020-05-07,57,0.7133319760358204,-0.011382263176061874,-0.007826592773199081,-0.009226592630147934,1.3999998569488525,0.0013999998569488527,0.3499999940395355,0.6499999761581421,0.0
2020-05-08,58,0.731975122097546,0.02400850008629123,0.02613530121743679,0.02613530121743679,0.0,0.0,0.3499999940395355,0.6499999761581421,0.0
2020-05-11,59,0.7259662552048812,-0.010185070091445066,-0.007609113585203886,-0.008209113549441099,0.5999999642372131,0.0005999999642372131,0.6499999761581421,0.3499999940395355,0.0
2020-05-12,60,0.7187492322902753,-0.011720556041477388,-0.009941264986991882,-0.009941264986991882,0.0,0.0,0.6499999761581421,0.3499999940395355,0.0
2020-05-13,61,0.713261783902931,-0.009419210270632788,-0.007034718990325928,-0.007634718954563141,0.5999999642372131,0.0005999999642372131,0.3499999940395355,0.6499999761581421,0.0
2020-05-14,62,0.7057970975347131,-0.0122292298746741,-0.009865563362836838,-0.01046556332707405,0.5999999642372131,0.0005999999642372131,0.6499999761581421,0.3499999940395355,0.0
2020-05-15,63,0.6938513964507169,-0.01856248515274433,-0.01692512072622776,-0.01692512072622776,0.0,0.0,0.6499999761581421,0.3499999940395355,0.0
2020-05-18,64,0.7198581800203296,0.03572115223240245,0.037481777369976044,0.037481777369976044,0.0,0.0,0.6499999761581421,0.3499999940395355,0.0
2020-05-19,65,0.7234079616510027,0.003523995584290375,0.004931223578751087,0.004931223578751087,0.0,0.0,0.6499999761581421,0.3499999940395355,0.0
2020-05-20,66,0.7363004973895335,0.016380817855557266,0.017821943387389183,0.017821943387389183,0.0,0.0,0.6499999761581421,0.3499999940395355,0.0
2020-05-21,67,0.7264941124614189,-0.014763968519474433,-0.013318454846739769,-0.013318454846739769,0.0,0.0,0.6499999761581421,0.3499999940395355,0.0
2020-05-22,68,0.7231119377690651,-0.006091485054186671,-0.004655474331229925,-0.004655474331229925,0.0,0.0,0.6499999761581421,0.3499999940395355,0.0
2020-05-26,69,0.7277870403336325,0.0050278458432304555,0.007065254263579845,0.006465254299342632,0.5999999642372131,0.0005999999642372131,0.3499999940395355,0.6499999761581421,0.0
2020-05-27,70,0.733589179666858,0.0065423440859971056,0.00857230369001627,0.007972303725779057,0.5999999642372131,0.0005999999642372131,0.6499999761581421,0.3499999940395355,0.0
2020-05-28,71,0.7323124701943124,-0.0031657488385956082,-0.00174036028329283,-0.00174036028329283,0.0,0.0,0.6499999761581421,0.3499999940395355,0.0
2020-05-29,72,0.7279281852060131,-0.007416361493844809,-0.005986904725432396,-0.005986904725432396,0.0,0.0,0.6499999761581421,0.3499999940395355,0.0
2020-06-01,73,0.7373958543161121,0.011561207966543297,0.013006323017179966,0.013006323017179966,0.0,0.0,0.6499999761581421,0.3499999940395355,0.0
2020-06-02,74,0.7576429173770974,0.02597768488085341,0.027457522228360176,0.027457522228360176,0.0,0.0,0.6499999761581421,0.3499999940395355,0.0
2020-06-03,75,0.7663195277745037,0.010031738102993543,0.01145211048424244,0.01145211048424244,0.0,0.0,0.6499999761581421,0.3499999940395355,0.0
2020-06-04,76,0.7710488254428232,0.004752029182315695,0.006171443499624729,0.006171443499624729,0.0,0.0,0.6499999761581421,0.3499999940395355,0.0
2020-06-05,77,0.7764765956653243,0.005652819250507369,0.008439463563263416,0.007039463706314563,1.3999998569488525,0.0013999998569488527,0.15000000596046448,0.15000000596046448,0.699999988079071
2020-06-08,78,0.7843424332567874,0.008736666160745477,0.010130167007446289,0.010130167007446289,0.0,0.0,0.15000000596046448,0.15000000596046448,0.699999988079071
2020-06-09,79,0.7807352454366739,-0.005998632931445077,-0.004598996136337519,-0.004598996136337519,0.0,0.0,0.15000000596046448,0.15000000596046448,0.699999988079071
2020-06-10,80,0.7768208508744984,-0.006414706767554179,-0.005013728514313698,-0.005013728514313698,0.0,0.0,0.15000000596046448,0.15000000596046448,0.699999988079071
2020-06-11,81,0.7673510804677312,-0.01359091702840021,-0.012190417386591434,-0.012190417386591434,0.0,0.0,0.15000000596046448,0.15000000596046448,0.699999988079071
2020-06-12,82,0.7706265572346821,0.002883982605952534,0.0056685502640903,0.004268550407141447,1.3999998569488525,0.0013999998569488527,0.6499999761581421,0.3499999940395355,0.0
2020-06-15,83,0.8081393116375964,0.04708538648505031,0.04867825284600258,0.04867825284600258,0.0,0.0,0.6499999761581421,0.3499999940395355,0.0
2020-06-16,84,0.8047066453781079,-0.005771195642863018,-0.0042476169764995575,-0.0042476169764995575,0.0,0.0,0.6499999761581421,0.3499999940395355,0.0
2020-06-17,85,0.8010747613573487,-0.006037887375689511,-0.004513301886618137,-0.004513301886618137,0.0,0.0,0.6499999761581421,0.3499999940395355,0.0
2020-06-18,86,0.8075544159047544,0.006567489193379496,0.008088701404631138,0.008088701404631138,0.0,0.0,0.6499999761581421,0.3499999940395355,0.0
2020-06-19,87,0.7988402172648236,-0.012316829692735976,-0.010190850123763084,-0.010790850088000297,0.5999999642372131,0.0005999999642372131,0.3499999940395355,0.6499999761581421,0.0
2020-06-22,88,0.7998003322007744,-0.00026755500482890295,0.002601885935291648,0.0012018860783427952,1.3999998569488525,0.0013999998569488527,0.15000000596046448,0.15000000596046448,0.699999988079071
2020-06-23,89,0.799561174624418,-0.0017550326518716067,-0.0002990216016769409,-0.0002990216016769409,0.0,0.0,0.15000000596046448,0.15000000596046448,0.699999988079071
2020-06-24,90,0.7856893885202444,-0.018833561995615842,-0.015949249267578125,-0.017349249243736268,1.399999976158142,0.001399999976158142,0.5,0.5,0.0
2020-06-25,91,0.8043621200530049,0.022250603303396812,0.024066047742962837,0.02376604776084423,0.29999998211860657,0.00029999998211860656,0.6499999761581421,0.3499999940395355,0.0
2020-06-26,92,0.785445187310956,-0.025092241362751636,-0.023517930880188942,-0.023517930880188942,0.0,0.0,0.6499999761581421,0.3499999940395355,0.0
2020-06-29,93,0.8004879541927732,0.017602075676647354,0.0197518989443779,0.019151898980140684,0.5999999642372131,0.0005999999642372131,0.3499999940395355,0.6499999761581421,0.0
2020-06-30,94,0.8122400384377991,0.01324096342979081,0.01498115062713623,0.014681150645017623,0.29999998211860657,0.00029999998211860656,0.5,0.5,0.0
2020-07-01,95,0.8009339465703391,-0.015395665711070589,-0.01361964363604784,-0.013919643618166447,0.29999998211860657,0.00029999998211860656,0.6499999761581421,0.3499999940395355,0.0
2020-07-02,96,0.8086571136152408,0.008185944527607531,0.009642701596021652,0.009642701596021652,0.0,0.0,0.6499999761581421,0.3499999940395355,0.0
2020-07-06,97,0.8121064060778932,0.0028414743298262528,0.004265457391738892,0.004265457391738892,0.0,0.0,0.6499999761581421,0.3499999940395355,0.0
2020-07-07,98,0.8145763403496935,0.0016260040160836773,0.0030413924250751734,0.0030413924250751734,0.0,0.0,0.6499999761581421,0.3499999940395355,0.0
2020-07-08,99,0.8073312857964052,-0.010327748763934575,-0.008894260972738266,-0.008894260972738266,0.0,0.0,0.6499999761581421,0.3499999940395355,0.0
2020-07-09,100,0.7980213705190232,-0.012987792223618618,-0.011531716212630272,-0.011531716212630272,0.0,0.0,0.6499999761581421,0.3499999940395355,0.0
2020-07-10,101,0.8056362283143967,0.008084037366845914,0.009542172774672508,0.009542172774672508,0.0,0.0,0.6499999761581421,0.3499999940395355,0.0
2020-07-13,102,0.8045342492129794,-0.002818513946418926,-0.00136783707421273,-0.00136783707421273,0.0,0.0,0.6499999761581421,0.3499999940395355,0.0
2020-07-14,103,0.8140943542937688,0.010434435177524813,0.011882781982421875,0.011882781982421875,0.0,0.0,0.6499999761581421,0.3499999940395355,0.0
2020-07-15,104,0.8412027116078852,0.031814756212134546,0.0332987904548645,0.0332987904548645,0.0,0.0,0.6499999761581421,0.3499999940395355,0.0
2020-07-16,105,0.8373707607073584,-0.006038952243315023,-0.0031553241424262524,-0.004555323999375105,1.3999998569488525,0.0013999998569488527,0.15000000596046448,0.15000000596046448,0.699999988079071
2020-07-17,106,0.8389348625624643,0.0003852334691570498,0.0018678725464269519,0.0018678725464269519,0.0,0.0,0.15000000596046448,0.15000000596046448,0.699999988079071
2020-07-20,107,0.8127241248850272,-0.03284457677156656,-0.02984287589788437,-0.03124287575483322,1.3999998569488525,0.0013999998569488527,0.6499999761581421,0.3499999940395355,0.0
2020-07-21,108,0.8099454277388113,-0.0050152351351428915,-0.0031189918518066406,-0.003418991833925247,0.29999998211860657,0.00029999998211860656,0.5,0.5,0.0
2020-07-22,109,0.8041269613777365,-0.008783817661309779,-0.006883775815367699,-0.007183775797486305,0.29999998211860657,0.00029999998211860656,0.6499999761581421,0.3499999940395355,0.0
2020-07-23,110,0.7915325095601045,-0.017287122699138027,-0.015662267804145813,-0.015662267804145813,0.0,0.0,0.6499999761581421,0.3499999940395355,0.0
2020-07-24,111,0.7976602183187573,0.006130324599655505,0.0077415755949914455,0.0077415755949914455,0.0,0.0,0.6499999761581421,0.3499999940395355,0.0
2020-07-27,112,0.8138821038222507,0.01869068053583578,0.020336836576461792,0.020336836576461792,0.0,0.0,0.6499999761581421,0.3499999940395355,0.0
2020-07-28,113,0.79026244604849,-0.030515964714622066,-0.02902098186314106,-0.02902098186314106,0.0,0.0,0.6499999761581421,0.3499999940395355,0.0
2020-07-29,114,0.7961752067247803,0.005981673181955335,0.007482021581381559,0.007482021581381559,0.0,0.0,0.6499999761581421,0.3499999940395355,0.0
2020-07-30,115,0.7766412368095703,-0.026095921215469445,-0.02393476292490959,-0.024534762889146806,0.5999999642372131,0.0005999999642372131,0.3499999940395355,0.6499999761581421,0.0
2020-07-31,116,0.7615376894004174,-0.021033562781635234,-0.018847264349460602,-0.019447264313697817,0.5999999642372131,0.0005999999642372131,0.6499999761581421,0.3499999940395355,0.0
2020-08-03,117,0.7673558561171449,0.006053938385005088,0.007640024647116661,0.007640024647116661,0.0,0.0,0.6499999761581421,0.3499999940395355,0.0
2020-08-04,118,0.7684085522683841,-0.00021432674535127195,0.0027718485798686743,0.0013718487229198216,1.3999998569488525,0.0013999998569488527,0.15000000596046448,0.15000000596046448,0.699999988079071
2020-08-05,119,0.761842481069911,-0.010136524499547135,-0.008545026183128357,-0.008545026183128357,0.0,0.0,0.15000000596046448,0.15000000596046448,0.699999988079071
2020-08-06,120,0.7151107092897666,-0.06324355885083233,-0.05994046479463577,-0.061340464651584624,1.3999998569488525,0.0013999998569488527,0.6499999761581421,0.3499999940395355,0.0
2020-08-07,121,0.7150610460285683,-0.0019080131980046381,-6.944835331523791e-05,-6.944835331523791e-05,0.0,0.0,0.6499999761581421,0.3499999940395355,0.0
2020-08-10,122,0.7249225604318564,0.011964404475365797,0.014391150325536728,0.013791150361299515,0.5999999642372131,0.0005999999642372131,0.3499999940395355,0.6499999761581421,0.0
2020-08-11,123,0.7305193197880733,0.005927701445465779,0.008320492692291737,0.007720492728054524,0.5999999642372131,0.0005999999642372131,0.6499999761581421,0.3499999940395355,0.0
2020-08-12,124,0.7307161791330784,-0.0014946903425567793,0.0016694784862920642,0.0002694786293432115,1.3999998569488525,0.0013999998569488527,0.15000000596046448,0.15000000596046448,0.699999988079071
2020-08-13,125,0.7288028920279271,-0.0043716259208407375,-0.0026183724403381348,-0.0026183724403381348,0.0,0.0,0.15000000596046448,0.15000000596046448,0.699999988079071
2020-08-14,126,0.7297015665424278,-0.0005064260066681037,0.0012330830795690417,0.0012330830795690417,0.0,0.0,0.15000000596046448,0.15000000596046448,0.699999988079071
2020-08-17,127,0.7382444322357141,0.009952036379356892,0.013107341714203358,0.011707341857254505,1.3999998569488525,0.0013999998569488527,0.6499999761581421,0.3499999940395355,0.0
2020-08-18,128,0.7297569581710543,-0.013254811896894026,-0.010896834544837475,-0.011496834509074688,0.5999999642372131,0.0005999999642372131,0.3499999940395355,0.6499999761581421,0.0
2020-08-19,129,0.7270352133654441,-0.005484797868824021,-0.002329659415408969,-0.003729659272357822,1.3999998569488525,0.0013999998569488527,0.15000000596046448,0.15000000596046448,0.699999988079071
2020-08-20,130,0.7228851012473486,-0.007457438119867245,-0.005708268377929926,-0.005708268377929926,0.0,0.0,0.15000000596046448,0.15000000596046448,0.699999988079071
2020-08-21,131,0.7220270777112644,-0.0029207277296712953,0.0002130568027496338,-0.0011869431734085082,1.399999976158142,0.001399999976158142,0.5,0.5,0.0
2020-08-24,132,0.7246202880314978,0.001853478419294043,0.0038915693294256926,0.003591569347307086,0.29999998211860657,0.00029999998211860656,0.3499999940395355,0.6499999761581421,0.0
2020-08-25,133,0.7133240681531512,-0.01731703842536493,-0.015289157629013062,-0.015589157611131669,0.29999998211860657,0.00029999998211860656,0.5,0.5,0.0
2020-08-26,134,0.711072041064723,-0.004738668570842397,-0.0017570883501321077,-0.0031570883262902498,1.399999976158142,0.001399999976158142,0.15000000596046448,0.15000000596046448,0.699999988079071
2020-08-27,135,0.7104706084664925,-0.0024294977423550616,0.0005541887949220836,-0.000845811062026769,1.3999998569488525,0.0013999998569488527,0.3499999940395355,0.6499999761581421,0.0
2020-08-28,136,0.7125461429844149,0.0013359559413933422,0.002921351697295904,0.002921351697295904,0.0,0.0,0.3499999940395355,0.6499999761581421,0.0
2020-08-31,137,0.7045225787304489,-0.012775846525854902,-0.011260413564741611,-0.011260413564741611,0.0,0.0,0.3499999940395355,0.6499999761581421,0.0
2020-09-01,138,0.683095757413379,-0.03199738333032105,-0.030113250017166138,-0.030413249999284745,0.29999998211860657,0.00029999998211860656,0.5,0.5,0.0
2020-09-02,139,0.6860562609671249,0.00274035393953674,0.004633951000869274,0.004333951018750668,0.29999998211860657,0.00029999998211860656,0.6499999761581421,0.3499999940395355,0.0
2020-09-03,140,0.6801404338320036,-0.010206040475664046,-0.0072229476645588875,-0.00862294752150774,1.3999998569488525,0.0013999998569488527,0.15000000596046448,0.15000000596046448,0.699999988079071
2020-09-04,141,0.6747331559222033,-0.009516482384424306,-0.006550237536430359,-0.007950237393379212,1.3999998569488525,0.0013999998569488527,0.6499999761581421,0.3499999940395355,0.0
2020-09-08,142,0.6647019787144576,-0.016366061051416043,-0.013466880656778812,-0.014866880513727665,1.3999998569488525,0.0013999998569488527,0.15000000596046448,0.15000000596046448,0.699999988079071
2020-09-09,143,0.6700121528462978,0.006527304687548103,0.00938880443572998,0.007988804459571838,1.399999976158142,0.001399999976158142,0.5,0.5,0.0
2020-09-10,144,0.6668522896976243,-0.006158123208141824,-0.00471612811088562,-0.00471612811088562,0.0,0.0,0.5,0.5,0.0
2020-09-11,145,0.676930544994502,0.013667402016354194,0.01511317491531372,0.01511317491531372,0.0,0.0,0.5,0.5,0.0
2020-09-14,146,0.6636691779265848,-0.021036709505980352,-0.019290439784526825,-0.019590439766645432,0.29999998211860657,0.00029999998211860656,0.6499999761581421,0.3499999940395355,0.0
2020-09-15,147,0.6631125922298797,-0.0022691816750772557,0.0005613505491055548,-0.0008386493078432979,1.3999998569488525,0.0013999998569488527,0.15000000596046448,0.15000000596046448,0.699999988079071
2020-09-16,148,0.6661617819182785,0.003162002874056812,0.004598298575729132,0.004598298575729132,0.0,0.0,0.15000000596046448,0.15000000596046448,0.699999988079071
2020-09-17,149,0.6736872999480623,0.009834579796797284,0.012696832418441772,0.01129683244228363,1.399999976158142,0.001399999976158142,0.5,0.5,0.0
2020-09-18,150,0.6768316820951741,0.0036584568973906115,0.00496742082759738,0.004667420845478773,0.29999998211860657,0.00029999998211860656,0.6499999761581421,0.3499999940395355,0.0
2020-09-21,151,0.6697252568869771,-0.011519918851924271,-0.009099545888602734,-0.010499545745551586,1.3999998569488525,0.0013999998569488527,0.15000000596046448,0.15000000596046448,0.699999988079071
2020-09-22,152,0.6784173579929579,0.011962364035491217,0.014378607273101807,0.012978607296943664,1.399999976158142,0.001399999976158142,0.5,0.5,0.0
2020-09-23,153,0.6711189895563181,-0.011768432733026897,-0.009357932955026627,-0.01075793293118477,1.399999976158142,0.001399999976158142,0.15000000596046448,0.15000000596046448,0.699999988079071
2020-09-24,154,0.6673689958929124,-0.006597767009248606,-0.004187673330307007,-0.005587673306465149,1.399999976158142,0.001399999976158142,0.5,0.5,0.0
2020-09-25,155,0.6654508765384802,-0.0038842258537618865,-0.0014741511549800634,-0.0028741511311382055,1.399999976158142,0.001399999976158142,0.15000000596046448,0.15000000596046448,0.699999988079071
2020-09-28,156,0.6664283907880306,0.0004585391571884326,0.0028689501341432333,0.0014689502771943806,1.3999998569488525,0.0013999998569488527,0.3499999940395355,0.6499999761581421,0.0
2020-09-29,157,0.664008786616865,-0.004603678426911647,-0.002230704063549638,-0.0036307039204984907,1.3999998569488525,0.0013999998569488527,0.15000000596046448,0.15000000596046448,0.699999988079071
2020-09-30,158,0.6653290021291748,0.001022231408750998,0.0019882500637322664,0.0019882500637322664,0.0,0.0,0.15000000596046448,0.15000000596046448,0.699999988079071
2020-10-01,159,0.6571923159315114,-0.013209588711157835,-0.010829567909240723,-0.012229567885398866,1.399999976158142,0.001399999976158142,0.5,0.5,0.0
2020-10-02,160,0.6548108239413889,-0.004602772952744513,-0.003323736833408475,-0.0036237368155270814,0.29999998211860657,0.00029999998211860656,0.6499999761581421,0.3499999940395355,0.0
2020-10-05,161,0.6605218843807252,0.007719831664879853,0.009321695193648338,0.008721695229411125,0.5999999642372131,0.0005999999642372131,0.3499999940395355,0.6499999761581421,0.0
2020-10-06,162,0.6556615504899044,-0.008355762162824874,-0.007358323782682419,-0.007358323782682419,0.0,0.0,0.3499999940395355,0.6499999761581421,0.0
2020-10-07,163,0.665903402912983,0.014594681654715789,0.015920639038085938,0.01562063905596733,0.29999998211860657,0.00029999998211860656,0.5,0.5,0.0
2020-10-08,164,0.6683601130743532,0.0026580301932673705,0.003689289093017578,0.003689289093017578,0.0,0.0,0.5,0.5,0.0
2020-10-09,165,0.6869317757407809,0.026625070370437057,0.02778691053390503,0.02778691053390503,0.0,0.0,0.5,0.5,0.0
2020-10-12,166,0.7008532555065312,0.019044377880167492,0.020266175270080566,0.020266175270080566,0.0,0.0,0.5,0.5,0.0
2020-10-13,167,0.6873647924565751,-0.020499066601142098,-0.019245773553848267,-0.019245773553848267,0.0,0.0,0.5,0.5,0.0
2020-10-14,168,0.6874333655807575,-0.001025933865901879,0.0003997623280156404,9.976234589703382e-05,0.29999998211860657,0.00029999998211860656,0.3499999940395355,0.6499999761581421,0.0
2020-10-15,169,0.6839115220616737,-0.006250304883259808,-0.004823178052902222,-0.005123178035020828,0.29999998211860657,0.00029999998211860656,0.5,0.5,0.0
2020-10-16,170,0.6940719023738368,0.013710104135514095,0.014856278896331787,0.014856278896331787,0.0,0.0,0.5,0.5,0.0
2020-10-19,171,0.6762940940376203,-0.026845289044154952,-0.025613784790039062,-0.025613784790039062,0.0,0.0,0.5,0.5,0.0
2020-10-20,172,0.6753529191463816,-0.0025917414193483337,-0.0010916651226580143,-0.0013916651047766208,0.29999998211860657,0.00029999998211860656,0.6499999761581421,0.3499999940395355,0.0
2020-10-21,173,0.6699858865891388,-0.009148476307248138,-0.006547004450112581,-0.007947004307061434,1.3999998569488525,0.0013999998569488527,0.15000000596046448,0.15000000596046448,0.699999988079071
2020-10-22,174,0.675165309469267,0.006524936201428087,0.009130644612014294,0.007730644755065441,1.3999998569488525,0.0013999998569488527,0.3499999940395355,0.6499999761581421,0.0
2020-10-23,175,0.678348054798619,0.0035362419508270784,0.0047140237875282764,0.0047140237875282764,0.0,0.0,0.3499999940395355,0.6499999761581421,0.0
2020-10-26,176,0.666576554570581,-0.018519100741237887,-0.017353186383843422,-0.017353186383843422,0.0,0.0,0.3499999940395355,0.6499999761581421,0.0
2020-10-27,177,0.658190672388529,-0.013768807707464772,-0.012280523777008057,-0.012580523759126664,0.29999998211860657,0.00029999998211860656,0.5,0.5,0.0
2020-10-28,178,0.6343963678645608,-0.037499163228714105,-0.03615108132362366,-0.03615108132362366,0.0,0.0,0.5,0.5,0.0
2020-10-29,179,0.6305653520943784,-0.007367688890255431,-0.005738836247473955,-0.006038836229592562,0.29999998211860657,0.00029999998211860656,0.6499999761581421,0.3499999940395355,0.0
2020-10-30,180,0.6357894348688682,0.006948190268493556,0.009684760123491287,0.008284760266542434,1.3999998569488525,0.0013999998569488527,0.15000000596046448,0.15000000596046448,0.699999988079071
2020-11-02,181,0.6456755399572314,0.014186494484372881,0.015549338422715664,0.015549338422715664,0.0,0.0,0.15000000596046448,0.15000000596046448,0.699999988079071
2020-11-03,182,0.6473293113131872,0.0012217656278224014,0.0025613040197640657,0.0025613040197640657,0.0,0.0,0.15000000596046448,0.15000000596046448,0.699999988079071
2020-11-04,183,0.6103353857771957,-0.05881437124071225,-0.05574854090809822,-0.05714854076504707,1.3999998569488525,0.0013999998569488527,0.3499999940395355,0.6499999761581421,0.0
2020-11-05,184,0.6302495990001988,0.030845019075716025,0.0332283116877079,0.032628311723470686,0.5999999642372131,0.0005999999642372131,0.6499999761581421,0.3499999940395355,0.0
2020-11-06,185,0.6269206563729232,-0.0070662676740580995,-0.0038819434121251106,-0.0052819432690739635,1.3999998569488525,0.0013999998569488527,0.15000000596046448,0.15000000596046448,0.699999988079071
2020-11-09,186,0.6307258665933905,0.0042806234875771695,0.007469683885574341,0.006069683909416199,1.399999976158142,0.001399999976158142,0.5,0.5,0.0
2020-11-10,187,0.6609253188664632,0.0458833621959635,0.0481804721057415,0.0478804721236229,0.29999998211860657,0.00029999998211860656,0.6499999761581421,0.3499999940395355,0.0
2020-11-11,188,0.6585857849072643,-0.005537568074207988,-0.0021397857926785946,-0.0035397856496274475,1.3999998569488525,0.0013999998569488527,0.15000000596046448,0.15000000596046448,0.699999988079071
2020-11-12,189,0.6574063752896293,-0.00377629518529392,-0.0017908215522766113,-0.0017908215522766113,0.0,0.0,0.15000000596046448,0.15000000596046448,0.699999988079071
2020-11-13,190,0.6699358602384856,0.01704652048012159,0.020458964630961418,0.019058964774012567,1.3999998569488525,0.0013999998569488527,0.6499999761581421,0.3499999940395355,0.0
2020-11-16,191,0.6721353873802693,0.0012753709821969228,0.004683190491050482,0.003283190634101629,1.3999998569488525,0.0013999998569488527,0.15000000596046448,0.15000000596046448,0.699999988079071
2020-11-17,192,0.6743014966820009,0.0012202341624628194,0.004622727632522583,0.003222727656364441,1.399999976158142,0.001399999976158142,0.5,0.5,0.0
2020-11-18,193,0.672011983246684,-0.00538105371500468,-0.0030953853856772184,-0.003395385367795825,0.29999998211860657,0.00029999998211860656,0.6499999761581421,0.3499999940395355,0.0
2020-11-19,194,0.6661236289084984,-0.010753854167064609,-0.00876227580010891,-0.00876227580010891,0.0,0.0,0.6499999761581421,0.3499999940395355,0.0
2020-11-20,195,0.661133448621438,-0.009419053287015105,-0.006891372613608837,-0.00749137257784605,0.5999999642372131,0.0005999999642372131,0.3499999940395355,0.6499999761581421,0.0
2020-11-23,196,0.6608336705618085,-0.00234004450638963,0.0009465693728998303,-0.00045343048404902233,1.3999998569488525,0.0013999998569488527,0.15000000596046448,0.15000000596046448,0.699999988079071
2020-11-24,197,0.665997808201886,0.005949061774847102,0.009214580059051514,0.00781458008289337,1.399999976158142,0.001399999976158142,0.5,0.5,0.0
2020-11-25,198,0.6695259791568449,0.0034288155117811,0.005297571420669556,0.005297571420669556,0.0,0.0,0.5,0.5,0.0
2020-11-27,199,0.6698140083300702,-0.001436837490814998,0.0007301986333914101,0.00043019865127280355,0.29999998211860657,0.00029999998211860656,0.6499999761581421,0.3499999940395355,0.0
2020-11-30,200,0.6562286919425144,-0.022159323406841104,-0.02028222195804119,-0.02028222195804119,0.0,0.0,0.6499999761581421,0.3499999940395355,0.0
2020-12-01,201,0.6571372111053119,-0.00043976440526703893,0.0027844549622386694,0.0013844551052898167,1.3999998569488525,0.0013999998569488527,0.15000000596046448,0.15000000596046448,0.699999988079071
2020-12-02,202,0.6568108577572249,-0.0023208207757430595,-0.0004966289270669222,-0.0004966289270669222,0.0,0.0,0.15000000596046448,0.15000000596046448,0.699999988079071
2020-12-03,203,0.657570939138469,-0.0006623200098103178,0.001157230231910944,0.001157230231910944,0.0,0.0,0.15000000596046448,0.15000000596046448,0.699999988079071
2020-12-04,204,0.6607138817820369,0.002963733708477208,0.004779625218361616,0.004779625218361616,0.0,0.0,0.15000000596046448,0.15000000596046448,0.699999988079071
2020-12-07,205,0.6790891036045008,0.025926888323070756,0.02921116352081299,0.027811163544654845,1.399999976158142,0.001399999976158142,0.5,0.5,0.0
2020-12-08,206,0.6781174624557644,-0.0032870602380114895,-3.0800700187683105e-05,-0.0014308006763458251,1.399999976158142,0.001399999976158142,0.15000000596046448,0.15000000596046448,0.699999988079071
2020-12-09,207,0.6648330023024318,-0.021467385682817933,-0.018190205097198486,-0.01959020507335663,1.399999976158142,0.001399999976158142,0.5,0.5,0.0
2020-12-10,208,0.6701319362675695,0.0062174232686224625,0.008270323276519775,0.007970323294401168,0.29999998211860657,0.00029999998211860656,0.3499999940395355,0.6499999761581421,0.0
2020-12-11,209,0.6586575375195521,-0.018903471596465955,-0.017122596502304077,-0.017122596502304077,0.0,0.0,0.3499999940395355,0.6499999761581421,0.0
2020-12-14,210,0.655527284452998,-0.006532445943411539,-0.004752474371343851,-0.004752474371343851,0.0,0.0,0.3499999940395355,0.6499999761581421,0.0
2020-12-15,211,0.6737066828652462,0.025906873377713146,0.02803248167037964,0.02773248168826103,0.29999998211860657,0.00029999998211860656,0.5,0.5,0.0
2020-12-16,212,0.6670379859188534,-0.011735568378021796,-0.008498516865074635,-0.009898516841232777,1.399999976158142,0.001399999976158142,0.15000000596046448,0.15000000596046448,0.699999988079071
2020-12-17,213,0.6739764834569434,0.008912386523810063,0.011801952496170998,0.010401952639222145,1.3999998569488525,0.0013999998569488527,0.3499999940395355,0.6499999761581421,0.0
2020-12-18,214,0.6426020074532668,-0.0481936101457274,-0.04595129191875458,-0.04655129188299179,0.5999999642372131,0.0005999999642372131,0.6499999761581421,0.3499999940395355,0.0
2020-12-21,215,0.6320674046386219,-0.018061573124689635,-0.01579366624355316,-0.016393666207790376,0.5999999642372131,0.0005999999642372131,0.3499999940395355,0.6499999761581421,0.0
2020-12-22,216,0.6275199253823038,-0.00886451263594254,-0.007194611243903637,-0.007194611243903637,0.0,0.0,0.3499999940395355,0.6499999761581421,0.0
2020-12-23,217,0.6338877351287119,0.008718552997788516,0.010747581720352173,0.01014758175611496,0.5999999642372131,0.0005999999642372131,0.6499999761581421,0.3499999940395355,0.0
2020-12-24,218,0.6331228991073066,-0.0026349967361568695,-0.0012065796181559563,-0.0012065796181559563,0.0,0.0,0.6499999761581421,0.3499999940395355,0.0
2020-12-28,219,0.6235649123525908,-0.016546597775388056,-0.0150965740904212,-0.0150965740904212,0.0,0.0,0.6499999761581421,0.3499999940395355,0.0
2020-12-29,220,0.6126833543463474,-0.018874612655353305,-0.017450561746954918,-0.017450561746954918,0.0,0.0,0.6499999761581421,0.3499999940395355,0.0
2020-12-30,221,0.6116900080070079,-0.003041004899962141,-0.0010213046334683895,-0.0016213045977056025,0.5999999642372131,0.0005999999642372131,0.3499999940395355,0.6499999761581421,0.0
2020-12-31,222,0.6111446033670019,-0.0023072062437029476,-0.0005916357040405273,-0.0008916356861591338,0.29999998211860657,0.00029999998211860656,0.5,0.5,0.0
2021-01-04,223,0.6263153202971726,0.02332137689228158,0.02512344904243946,0.024823449060320853,0.29999998211860657,0.00029999998211860656,0.6499999761581421,0.3499999940395355,0.0
2021-01-05,224,0.6315799423809783,0.006896917089051952,0.008705705404281616,0.008405705422163009,0.29999998211860657,0.00029999998211860656,0.5,0.5,0.0
2021-01-06,225,0.6420754530683336,0.015078387928453287,0.016917865723371506,0.0166178657412529,0.29999998211860657,0.00029999998211860656,0.3499999940395355,0.6499999761581421,0.0
2021-01-07,226,0.6602021563739193,0.026605750789930906,0.028831422328948975,0.02823142236471176,0.5999999642372131,0.0005999999642372131,0.6499999761581421,0.3499999940395355,0.0
2021-01-08,227,0.6533705273502716,-0.011977415562069495,-0.01034778356552124,-0.01034778356552124,0.0,0.0,0.6499999761581421,0.3499999940395355,0.0
2021-01-11,228,0.649038457900483,-0.008259882898872596,-0.006330341100692749,-0.0066303410828113555,0.29999998211860657,0.00029999998211860656,0.5,0.5,0.0
2021-01-12,229,0.6545437709398291,0.00684413617875658,0.009882260113954544,0.008482260137796401,1.399999976158142,0.001399999976158142,0.15000000596046448,0.15000000596046448,0.699999988079071
2021-01-13,230,0.6642602830846576,0.013225786003870423,0.016244709491729736,0.014844709515571593,1.399999976158142,0.001399999976158142,0.5,0.5,0.0
2021-01-14,231,0.6807719017505302,0.02318033744608635,0.025157151743769646,0.02485715176165104,0.29999998211860657,0.00029999998211860656,0.6499999761581421,0.3499999940395355,0.0
2021-01-15,232,0.6757556530955422,-0.009052289851014094,-0.007368471939116716,-0.007368471939116716,0.0,0.0,0.6499999761581421,0.3499999940395355,0.0
2021-01-19,233,0.6647592211771164,-0.017985206732563236,-0.015972793102264404,-0.01627279308438301,0.29999998211860657,0.00029999998211860656,0.5,0.5,0.0
2021-01-20,234,0.6625718335562814,-0.005002329114966627,-0.002990496112033725,-0.0032904960941523313,0.29999998211860657,0.00029999998211860656,0.3499999940395355,0.6499999761581421,0.0
2021-01-21,235,0.6552424590321642,-0.012706022017962598,-0.011062007397413254,-0.011062007397413254,0.0,0.0,0.3499999940395355,0.6499999761581421,0.0
2021-01-22,236,0.657854404732697,0.0023397517924186586,0.0039862277917563915,0.0039862277917563915,0.0,0.0,0.3499999940395355,0.6499999761581421,0.0
2021-01-25,237,0.6631960978649354,0.006503529131740097,0.00841987133026123,0.008119871348142623,0.29999998211860657,0.00029999998211860656,0.5,0.5,0.0
2021-01-26,238,0.655679617539801,-0.012955663717635634,-0.011033722199499607,-0.011333722181618214,0.29999998211860657,0.00029999998211860656,0.6499999761581421,0.3499999940395355,0.0
2021-01-27,239,0.6494255396305525,-0.011140081453705375,-0.008138313889503479,-0.009538313746452332,1.3999998569488525,0.0013999998569488527,0.15000000596046448,0.15000000596046448,0.699999988079071
2021-01-28,240,0.6508312548223701,0.0005643214966230383,0.002164551755413413,0.002164551755413413,0.0,0.0,0.15000000596046448,0.15000000596046448,0.699999988079071
2021-01-29,241,0.6429100759578147,-0.01369831382588858,-0.012170864269137383,-0.012170864269137383,0.0,0.0,0.15000000596046448,0.15000000596046448,0.699999988079071
2021-02-01,242,0.6459639801345597,0.0032270855787931707,0.0061501264572143555,0.0047501264810562134,1.399999976158142,0.001399999976158142,0.5,0.5,0.0
2021-02-02,243,0.6452149726539653,-0.0026678971496123705,-0.0011595189571380615,-0.0011595189571380615,0.0,0.0,0.5,0.5,0.0
2021-02-03,244,0.6490724231035142,0.004721177991267379,0.00627855071797967,0.005978550735861063,0.29999998211860657,0.00029999998211860656,0.6499999761581421,0.3499999940395355,0.0
2021-02-04,245,0.652717519540242,0.004395003746742812,0.007015854585915804,0.005615854728966951,1.3999998569488525,0.0013999998569488527,0.15000000596046448,0.15000000596046448,0.699999988079071
2021-02-05,246,0.6510595363327795,-0.0037532089588024134,-0.002540123648941517,-0.002540123648941517,0.0,0.0,0.15000000596046448,0.15000000596046448,0.699999988079071
2021-02-08,247,0.6571963404764224,0.008214473422855577,0.010825872421264648,0.009425872445106506,1.399999976158142,0.001399999976158142,0.5,0.5,0.0
2021-02-09,248,0.67947111981078,0.03254964043418944,0.0338936448097229,0.0338936448097229,0.0,0.0,0.5,0.5,0.0
2021-02-10,249,0.6867588806697944,0.009414460586451758,0.01102563738822937,0.010725637406110763,0.29999998211860657,0.00029999998211860656,0.6499999761581421,0.3499999940395355,0.0
2021-02-11,250,0.693150366350281,0.00804992467544275,0.009906738996505737,0.009306739032268524,0.5999999642372131,0.0005999999642372131,0.3499999940395355,0.6499999761581421,0.0
2021-02-12,251,0.6791414202760929,-0.021538351630931804,-0.019910544157028198,-0.020210544139146806,0.29999998211860657,0.00029999998211860656,0.5,0.5,0.0
2021-02-16,252,0.6934246112067953,0.019670153130632355,0.021331246942281723,0.021031246960163116,0.29999998211860657,0.00029999998211860656,0.6499999761581421,0.3499999940395355,0.0
2021-02-17,253,0.6891433656938796,-0.007492505204179771,-0.006174060516059399,-0.006174060516059399,0.0,0.0,0.6499999761581421,0.3499999940395355,0.0
2021-02-18,254,0.6720633902606222,-0.026191407306998753,-0.02418435737490654,-0.024784357339143755,0.5999999642372131,0.0005999999642372131,0.3499999940395355,0.6499999761581421,0.0
2021-02-19,255,0.6706932991017716,-0.003421480954252677,-0.0006386339664459229,-0.0020386338233947757,1.3999998569488525,0.0013999998569488527,0.15000000596046448,0.15000000596046448,0.699999988079071
2021-02-22,256,0.6680711806323694,-0.00520317083215145,-0.002509564161300659,-0.003909564137458801,1.399999976158142,0.001399999976158142,0.5,0.5,0.0
2021-02-23,257,0.6618573464920847,-0.010591976199602237,-0.009301155805587769,-0.009301155805587769,0.0,0.0,0.5,0.5,0.0
2021-02-24,258,0.6578403614180546,-0.007359085410205525,-0.004669261164963245,-0.006069261141121387,1.399999976158142,0.001399999976158142,0.15000000596046448,0.15000000596046448,0.699999988079071
2021-02-25,259,0.6461908082479418,-0.019030095842796267,-0.01630878448486328,-0.017708784461021424,1.399999976158142,0.001399999976158142,0.5,0.5,0.0
2021-02-26,260,0.6495606303392417,0.003919428259987591,0.005514902528375387,0.005214902546256781,0.29999998211860657,0.00029999998211860656,0.3499999940395355,0.6499999761581421,0.0
2021-03-01,261,0.6575014510579738,0.010994154160379611,0.012824910692870617,0.012224910728633404,0.5999999642372131,0.0005999999642372131,0.6499999761581421,0.3499999940395355,0.0
2021-03-02,262,0.6556270062209869,-0.004076587978910737,-0.0014508605236187577,-0.0028508603805676106,1.3999998569488525,0.0013999998569488527,0.15000000596046448,0.15000000596046448,0.699999988079071
2021-03-03,263,0.6548519698970685,-0.002374378973195859,-0.0011821299558505416,-0.0011821299558505416,0.0,0.0,0.15000000596046448,0.15000000596046448,0.699999988079071
2021-03-04,264,0.6515069806904648,-0.006302155839597216,-0.005108008161187172,-0.005108008161187172,0.0,0.0,0.15000000596046448,0.15000000596046448,0.699999988079071
2021-03-05,265,0.6543687630319611,0.003211869081804669,0.005792558193206787,0.004392558217048645,1.399999976158142,0.001399999976158142,0.5,0.5,0.0
2021-03-08,266,0.6624566677342287,0.01116038542676695,0.012359857559204102,0.012359857559204102,0.0,0.0,0.5,0.5,0.0
2021-03-09,267,0.6593299101496447,-0.005913657007645728,-0.004719942808151245,-0.004719942808151245,0.0,0.0,0.5,0.5,0.0
2021-03-10,268,0.6591676047630467,-0.0014216268974945184,-0.0002461671829223633,-0.0002461671829223633,0.0,0.0,0.5,0.5,0.0
2021-03-11,269,0.6739953846096056,0.02126857118864251,0.02249470353126526,0.02249470353126526,0.0,0.0,0.5,0.5,0.0
2021-03-12,270,0.6839374471070803,0.013501300799429098,0.015050935558974743,0.014750935576856136,0.29999998211860657,0.00029999998211860656,0.6499999761581421,0.3499999940395355,0.0
2021-03-15,271,0.6837004446349733,-0.001570060551833917,-0.0003465265326667577,-0.0003465265326667577,0.0,0.0,0.6499999761581421,0.3499999940395355,0.0
2021-03-16,272,0.6763581406006601,-0.011982953517591518,-0.01013906579464674,-0.010739065758883953,0.5999999642372131,0.0005999999642372131,0.3499999940395355,0.6499999761581421,0.0
2021-03-17,273,0.6750559411758634,-0.0031698425691770848,-0.0005253106355667114,-0.001925310492515564,1.3999998569488525,0.0013999998569488527,0.15000000596046448,0.15000000596046448,0.699999988079071
2021-03-18,274,0.6694191496939546,-0.009604323092528018,-0.006950110197067261,-0.008350110173225404,1.399999976158142,0.001399999976158142,0.5,0.5,0.0
2021-03-19,275,0.6764136031260418,0.009185568436499073,0.010748540982604027,0.01044854100048542,0.29999998211860657,0.00029999998211860656,0.6499999761581421,0.3499999940395355,0.0
2021-03-22,276,0.6758029740493993,-0.002164412971304466,-0.0009027451160363853,-0.0009027451160363853,0.0,0.0,0.6499999761581421,0.3499999940395355,0.0
2021-03-23,277,0.6744191929069205,-0.0033015033490405143,-0.0006476104608736932,-0.002047610317822546,1.3999998569488525,0.0013999998569488527,0.15000000596046448,0.15000000596046448,0.699999988079071
2021-03-24,278,0.6594356051814215,-0.023380669517736603,-0.020817024633288383,-0.022217024490237235,1.3999998569488525,0.0013999998569488527,0.3499999940395355,0.6499999761581421,0.0
2021-03-25,279,0.6550288188065855,-0.007830032849396663,-0.006682663690298796,-0.006682663690298796,0.0,0.0,0.3499999940395355,0.6499999761581421,0.0
2021-03-26,280,0.6554915301884425,-0.00042420879995911883,0.0007063985103741288,0.0007063985103741288,0.0,0.0,0.3499999940395355,0.6499999761581421,0.0
2021-03-29,281,0.6580199241908358,0.0027758315501048604,0.003857248928397894,0.003857248928397894,0.0,0.0,0.3499999940395355,0.6499999761581421,0.0
2021-03-30,282,0.6498539199175124,-0.013429167413994126,-0.012109965085983276,-0.012409965068101884,0.29999998211860657,0.00029999998211860656,0.5,0.5,0.0
2021-03-31,283,0.6593229292090418,0.0135121039263643,0.01457098126411438,0.01457098126411438,0.0,0.0,0.5,0.5,0.0
2021-04-01,284,0.6591710200494495,-0.0011963134485674324,-0.00023040175437927246,-0.00023040175437927246,0.0,0.0,0.5,0.5,0.0
2021-04-05,285,0.6546081684958577,-0.00789440070632008,-0.006622105836868286,-0.006922105818986893,0.29999998211860657,0.00029999998211860656,0.3499999940395355,0.6499999761581421,0.0
2021-04-06,286,0.6590308169386005,0.00577657001480982,0.007056176662445068,0.006756176680326462,0.29999998211860657,0.00029999998211860656,0.5,0.5,0.0
2021-04-07,287,0.6583720695755064,-0.0019652855907585608,-0.0009995698928833008,-0.0009995698928833008,0.0,0.0,0.5,0.5,0.0
2021-04-08,288,0.6558456712843262,-0.004799304699095334,-0.002437341259792447,-0.003837341235950589,1.399999976158142,0.001399999976158142,0.15000000596046448,0.15000000596046448,0.699999988079071
2021-04-09,289,0.6577528923484234,0.002002665083694504,0.0029080333188176155,0.0029080333188176155,0.0,0.0,0.15000000596046448,0.15000000596046448,0.699999988079071
2021-04-12,290,0.6437444846404785,-0.022279809434814352,-0.019897371530532837,-0.02129737150669098,1.399999976158142,0.001399999976158142,0.5,0.5,0.0
2021-04-13,291,0.641393506318767,-0.004608253568535363,-0.0022520364727824926,-0.0036520364489406347,1.399999976158142,0.001399999976158142,0.15000000596046448,0.15000000596046448,0.699999988079071
2021-04-14,292,0.6541160366500786,0.018811613910162294,0.021235764026641846,0.019835764169692995,1.3999998569488525,0.0013999998569488527,0.6499999761581421,0.3499999940395355,0.0
2021-04-15,293,0.6699362575617012,0.023073595187645873,0.02478564903140068,0.024185649067163466,0.5999999642372131,0.0005999999642372131,0.3499999940395355,0.6499999761581421,0.0
2021-04-16,294,0.6759985932610976,0.00793319949471049,0.009049123153090477,0.009049123153090477,0.0,0.0,0.3499999940395355,0.6499999761581421,0.0
2021-04-19,295,0.6741266810455078,-0.0038858042808177914,-0.0013691068161278963,-0.002769106673076749,1.3999998569488525,0.0013999998569488527,0.15000000596046448,0.15000000596046448,0.699999988079071
2021-04-20,296,0.6727157343024036,-0.003190901502432195,-0.002092999406158924,-0.002092999406158924,0.0,0.0,0.15000000596046448,0.15000000596046448,0.699999988079071
2021-04-21,297,0.675291199487627,0.002733574439713982,0.00522845983505249,0.003828459858894348,1.399999976158142,0.001399999976158142,0.5,0.5,0.0
2021-04-22,298,0.6746908814621375,-0.001984138695206945,0.000511023448780179,-0.000888976527377963,1.399999976158142,0.001399999976158142,0.15000000596046448,0.15000000596046448,0.699999988079071
2021-04-23,299,0.6716350620771814,-0.00555121945942932,-0.00452921399846673,-0.00452921399846673,0.0,0.0,0.15000000596046448,0.15000000596046448,0.699999988079071
2021-04-26,300,0.6749234696141061,0.00390695555080555,0.004896122496575117,0.004896122496575117,0.0,0.0,0.15000000596046448,0.15000000596046448,0.699999988079071
2021-04-27,301,0.6704803581679921,-0.007578518001222291,-0.006583133712410927,-0.006583133712410927,0.0,0.0,0.15000000596046448,0.15000000596046448,0.699999988079071
2021-04-28,302,0.6730827972122009,0.002901223211624779,0.0052814544178545475,0.0038814545609056946,1.3999998569488525,0.0013999998569488527,0.6499999761581421,0.3499999940395355,0.0
2021-04-29,303,0.6752437328838593,0.00222910281594343,0.003510504961013794,0.0032105049788951874,0.29999998211860657,0.00029999998211860656,0.5,0.5,0.0
2021-04-30,304,0.6803233875627868,0.00654526995071655,0.00782269798219204,0.007522698000073433,0.29999998211860657,0.00029999998211860656,0.3499999940395355,0.6499999761581421,0.0
2021-05-03,305,0.6806179641936343,-0.0005271294120153758,0.0018329948652535677,0.000432995008304715,1.3999998569488525,0.0013999998569488527,0.15000000596046448,0.15000000596046448,0.699999988079071
2021-05-04,306,0.6784900068438008,-0.004088352453528985,-0.0017265079077333212,-0.003126507764682174,1.3999998569488525,0.0013999998569488527,0.3499999940395355,0.6499999761581421,0.0
2021-05-05,307,0.6792854170649006,0.00021122720606320928,0.0014723241329193115,0.001172324150800705,0.29999998211860657,0.00029999998211860656,0.5,0.5,0.0
2021-05-06,308,0.6948432873901502,0.021953126057107034,0.02320328913629055,0.022903289154171943,0.29999998211860657,0.00029999998211860656,0.6499999761581421,0.3499999940395355,0.0
2021-05-07,309,0.68782080272335,-0.011068824282366971,-0.009806573390960693,-0.0101065733730793,0.29999998211860657,0.00029999998211860656,0.5,0.5,0.0
2021-05-10,310,0.6826293454253944,-0.008524015366376439,-0.007247688714414835,-0.0075476886965334415,0.29999998211860657,0.00029999998211860656,0.3499999940395355,0.6499999761581421,0.0
2021-05-11,311,0.6822435673315188,-0.0015409801725907262,0.0008348643314093351,-0.0005651355255395175,1.3999998569488525,0.0013999998569488527,0.15000000596046448,0.15000000596046448,0.699999988079071
2021-05-12,312,0.6861158975715653,0.0047309261223833915,0.005675876513123512,0.005675876513123512,0.0,0.0,0.15000000596046448,0.15000000596046448,0.699999988079071
2021-05-13,313,0.701842658631661,0.021928367444233272,0.024321435019373894,0.022921435162425043,1.3999998569488525,0.0013999998569488527,0.6499999761581421,0.3499999940395355,0.0
2021-05-14,314,0.7165633477368321,0.01992666144062905,0.02097434364259243,0.02097434364259243,0.0,0.0,0.6499999761581421,0.3499999940395355,0.0
2021-05-17,315,0.7112867142293735,-0.00841288937035479,-0.007063806056976318,-0.007363806039094925,0.29999998211860657,0.00029999998211860656,0.5,0.5,0.0
2021-05-18,316,0.7113733270694271,-0.0009257887883187775,0.0015217692125588655,0.00012176923640072352,1.399999976158142,0.001399999976158142,0.15000000596046448,0.15000000596046448,0.699999988079071
2021-05-19,317,0.7054857591552229,-0.00934026161445948,-0.008276340551674366,-0.008276340551674366,0.0,0.0,0.15000000596046448,0.15000000596046448,0.699999988079071
2021-05-20,318,0.7050352057693906,-0.0016978893695368874,0.0007613570778630674,-0.0006386427790857853,1.3999998569488525,0.0013999998569488527,0.6499999761581421,0.3499999940395355,0.0
2021-05-21,319,0.7058468746610045,9.177239960437102e-05,0.0011512459022924304,0.0011512459022924304,0.0,0.0,0.6499999761581421,0.3499999940395355,0.0
2021-05-24,320,0.6974802697374476,-0.012854263101276568,-0.011853286065161228,-0.011853286065161228,0.0,0.0,0.6499999761581421,0.3499999940395355,0.0
2021-05-25,321,0.710056694440184,0.01700105195800604,0.018031226471066475,0.018031226471066475,0.0,0.0,0.6499999761581421,0.3499999940395355,0.0
2021-05-26,322,0.7116541216286051,0.0012654478951323231,0.0036497176624834538,0.002249717805534601,1.3999998569488525,0.0013999998569488527,0.15000000596046448,0.15000000596046448,0.699999988079071
2021-05-27,323,0.710171686257112,-0.0029873569047039928,-0.0020830840803682804,-0.0020830840803682804,0.0,0.0,0.15000000596046448,0.15000000596046448,0.699999988079071
2021-05-28,324,0.7160424195869883,0.007364296779566349,0.009666639380156994,0.008266639523208141,1.3999998569488525,0.0013999998569488527,0.6499999761581421,0.3499999940395355,0.0
2021-06-01,325,0.7150468935433616,-0.00229058795346933,9.68272433965467e-06,-0.001390317132609198,1.3999998569488525,0.0013999998569488527,0.15000000596046448,0.15000000596046448,0.699999988079071
2021-06-02,326,0.7212163597903819,0.007723501108332745,0.0086280582472682,0.0086280582472682,0.0,0.0,0.15000000596046448,0.15000000596046448,0.699999988079071
2021-06-03,327,0.7144975185482767,-0.01024391972646823,-0.007915985770523548,-0.009315985627472401,1.3999998569488525,0.0013999998569488527,0.6499999761581421,0.3499999940395355,0.0
2021-06-04,328,0.7093875298641164,-0.008092848278995396,-0.0057518635876476765,-0.007151863444596529,1.3999998569488525,0.0013999998569488527,0.15000000596046448,0.15000000596046448,0.699999988079071
2021-06-07,329,0.7086415282107653,-0.0019869576271468927,-0.0010516137117519975,-0.0010516137117519975,0.0,0.0,0.15000000596046448,0.15000000596046448,0.699999988079071
2021-06-08,330,0.7069257059148333,-0.0033578616801837047,-0.0024212838616222143,-0.0024212838616222143,0.0,0.0,0.15000000596046448,0.15000000596046448,0.699999988079071
2021-06-09,331,0.706409947920754,-0.0016549588080938264,-0.0007295787800103426,-0.0007295787800103426,0.0,0.0,0.15000000596046448,0.15000000596046448,0.699999988079071
2021-06-10,332,0.7098530491187174,0.003947782626041895,0.004874083679169416,0.004874083679169416,0.0,0.0,0.15000000596046448,0.15000000596046448,0.699999988079071
2021-06-11,333,0.7073692385207044,-0.004429805112737539,-0.0034990489948540926,-0.0034990489948540926,0.0,0.0,0.15000000596046448,0.15000000596046448,0.699999988079071
2021-06-14,334,0.706755913387372,-0.0017921587260475314,-0.000867050897795707,-0.000867050897795707,0.0,0.0,0.15000000596046448,0.15000000596046448,0.699999988079071
2021-06-15,335,0.7050567511219874,-0.0033315785720493723,-0.002404171274974942,-0.002404171274974942,0.0,0.0,0.15000000596046448,0.15000000596046448,0.699999988079071
2021-06-16,336,0.7039471047409117,-0.002499238497590519,-0.0015738398069515824,-0.0015738398069515824,0.0,0.0,0.15000000596046448,0.15000000596046448,0.699999988079071
2021-06-17,337,0.7035941119158534,-0.001427393715065534,-0.0005014479393139482,-0.0005014479393139482,0.0,0.0,0.15000000596046448,0.15000000596046448,0.699999988079071
2021-06-18,338,0.7004522544219739,-0.005303902501152591,-0.004465440288186073,-0.004465440288186073,0.0,0.0,0.15000000596046448,0.15000000596046448,0.699999988079071
2021-06-21,339,0.7025182133876685,0.002132555403257498,0.0029494643677026033,0.0029494643677026033,0.0,0.0,0.15000000596046448,0.15000000596046448,0.699999988079071
2021-06-22,340,0.7074365060813973,0.006191516400423778,0.008400946855545044,0.007000946879386902,1.399999976158142,0.001399999976158142,0.5,0.5,0.0
2021-06-23,341,0.7097000473555182,0.0023901595982927576,0.003499638754874468,0.0031996387727558613,0.29999998211860657,0.00029999998211860656,0.6499999761581421,0.3499999940395355,0.0
2021-06-24,342,0.709192142708279,-0.0015218751130023603,0.0006843388546258211,-0.0007156610023230316,1.3999998569488525,0.0013999998569488527,0.15000000596046448,0.15000000596046448,0.699999988079071
2021-06-25,343,0.7106645228356161,0.0013781116286827742,0.00207613711245358,0.00207613711245358,0.0,0.0,0.15000000596046448,0.15000000596046448,0.699999988079071
2021-06-28,344,0.7106391964289103,-0.0006203315375604023,-3.563764039427042e-05,-3.563764039427042e-05,0.0,0.0,0.15000000596046448,0.15000000596046448,0.699999988079071
2021-06-29,345,0.708731580248692,-0.0032559962423927852,-0.0012843668228015304,-0.0026843666797503832,1.3999998569488525,0.0013999998569488527,0.6499999761581421,0.3499999940395355,0.0
2021-06-30,346,0.7202332216435685,0.015586012407445862,0.01652848720550537,0.016228487223386764,0.29999998211860657,0.00029999998211860656,0.5,0.5,0.0
2021-07-01,347,0.7759095319541365,0.07579460175286305,0.07760316878557205,0.07730316880345345,0.29999998211860657,0.00029999998211860656,0.6499999761581421,0.3499999940395355,0.0
2021-07-02,348,0.776468256540576,-0.0007874957914039743,0.002120089717209339,0.0007200898602604865,1.3999998569488525,0.0013999998569488527,0.15000000596046448,0.15000000596046448,0.699999988079071
2021-07-06,349,0.7764434035820302,-0.0015403131150020094,-3.2007694244384766e-05,-3.2007694244384766e-05,0.0,0.0,0.15000000596046448,0.15000000596046448,0.699999988079071
2021-07-07,350,0.769306077551515,-0.010692465952724245,-0.009192332625389099,-0.009192332625389099,0.0,0.0,0.15000000596046448,0.15000000596046448,0.699999988079071
2021-07-08,351,0.7671710570962023,-0.004253994934044464,-0.0027752548921853304,-0.0027752548921853304,0.0,0.0,0.15000000596046448,0.15000000596046448,0.699999988079071
2021-07-09,352,0.7667881212652093,-0.001978986918318054,0.0009008467313833535,-0.0004991531255654992,1.3999998569488525,0.0013999998569488527,0.6499999761581421,0.3499999940395355,0.0
2021-07-12,353,0.7658032200541194,-0.0027635117046133613,0.00011554958473425359,-0.001284450272214599,1.3999998569488525,0.0013999998569488527,0.15000000596046448,0.15000000596046448,0.699999988079071
2021-07-13,354,0.7504282830004606,-0.021606523968400917,-0.01867687702178955,-0.020076876997947694,1.399999976158142,0.001399999976158142,0.5,0.5,0.0
2021-07-14,355,0.758366409445981,0.009041410273852031,0.010878127999603748,0.010578128017485141,0.29999998211860657,0.00029999998211860656,0.6499999761581421,0.3499999940395355,0.0
2021-07-15,356,0.7545951162857856,-0.006509698945558814,-0.003572917077690363,-0.004972916934639216,1.3999998569488525,0.0013999998569488527,0.15000000596046448,0.15000000596046448,0.699999988079071
2021-07-16,357,0.753761593309489,-0.0026289139701357023,-0.0011045963037759066,-0.0011045963037759066,0.0,0.0,0.15000000596046448,0.15000000596046448,0.699999988079071
2021-07-19,358,0.7465172592003873,-0.011140721498218877,-0.009610909037292004,-0.009610909037292004,0.0,0.0,0.15000000596046448,0.15000000596046448,0.699999988079071
2021-07-20,359,0.746155747795514,-0.0020137559866193187,-0.0004842639609705657,-0.0004842639609705657,0.0,0.0,0.15000000596046448,0.15000000596046448,0.699999988079071
2021-07-21,360,0.7467384461704845,-0.0007466678011962579,0.002180933952331543,0.0007809339761734009,1.399999976158142,0.001399999976158142,0.5,0.5,0.0
2021-07-22,361,0.7438460901883975,-0.005403791450993694,-0.0024733187165111303,-0.0038733186926692724,1.399999976158142,0.001399999976158142,0.15000000596046448,0.15000000596046448,0.699999988079071
2021-07-23,362,0.7457610758264317,0.0010449308503199023,0.0025744379963725805,0.0025744379963725805,0.0,0.0,0.15000000596046448,0.15000000596046448,0.699999988079071
2021-07-26,363,0.7435556992420721,-0.004486133105962067,-0.0029572159983217716,-0.0029572159983217716,0.0,0.0,0.15000000596046448,0.15000000596046448,0.699999988079071
2021-07-27,364,0.7443424855822254,-0.00047005742801238797,0.0010581404203549027,0.0010581404203549027,0.0,0.0,0.15000000596046448,0.15000000596046448,0.699999988079071
2021-07-28,365,0.7482343616339002,0.0037013371675303965,0.005228609312325716,0.005228609312325716,0.0,0.0,0.15000000596046448,0.15000000596046448,0.699999988079071
2021-07-29,366,0.750229383633236,0.0011405338358869517,0.0040663061663508415,0.0026663063094019886,1.3999998569488525,0.0013999998569488527,0.6499999761581421,0.3499999940395355,0.0
2021-07-30,367,0.7508090298366096,-0.0007525563357107174,0.002172625157982111,0.0007726253010332583,1.3999998569488525,0.0013999998569488527,0.15000000596046448,0.15000000596046448,0.699999988079071
2021-08-02,368,0.7515124729802614,-0.000583379962442134,0.0009369135368615389,0.0009369135368615389,0.0,0.0,0.15000000596046448,0.15000000596046448,0.699999988079071
2021-08-03,369,0.7525284105167501,-0.00016853504947447664,0.002751857042312622,0.0013518571853637694,1.3999998569488525,0.0013999998569488527,0.6499999761581421,0.3499999940395355,0.0
2021-08-04,370,0.7502408558343413,-0.004560785105685182,-0.0030398250091820955,-0.0030398250091820955,0.0,0.0,0.6499999761581421,0.3499999940395355,0.0
2021-08-05,371,0.7502034717902171,-0.0015711043396026646,0.0013501704670488834,-4.982938989996923e-05,1.3999998569488525,0.0013999998569488527,0.15000000596046448,0.15000000596046448,0.699999988079071
2021-08-06,372,0.7520011602422062,0.0008757939337433588,0.0023962678387761116,0.0023962678387761116,0.0,0.0,0.15000000596046448,0.15000000596046448,0.699999988079071
2021-08-09,373,0.7504388807308272,-0.0035997884250445924,-0.0020774961449205875,-0.0020774961449205875,0.0,0.0,0.15000000596046448,0.15000000596046448,0.699999988079071
2021-08-10,374,0.7492564817121994,-0.0030988152227631903,-0.0015756100183352828,-0.0015756100183352828,0.0,0.0,0.15000000596046448,0.15000000596046448,0.699999988079071
2021-08-11,375,0.7357880377158924,-0.019538434535503118,-0.01797574572265148,-0.01797574572265148,0.0,0.0,0.15000000596046448,0.15000000596046448,0.699999988079071
2021-08-12,376,0.7275478746298736,-0.012752371243896452,-0.011199099011719227,-0.011199099011719227,0.0,0.0,0.15000000596046448,0.15000000596046448,0.699999988079071
2021-08-13,377,0.7253606146224825,-0.003619798985313476,-0.0030063451267778873,-0.0030063451267778873,0.0,0.0,0.15000000596046448,0.15000000596046448,0.699999988079071
2021-08-16,378,0.7203919691237809,-0.007466283386415994,-0.005449897143989801,-0.006849897000938654,1.3999998569488525,0.0013999998569488527,0.3499999940395355,0.6499999761581421,0.0
2021-08-17,379,0.724909831645649,0.005636566486015007,0.0062713949009776115,0.0062713949009776115,0.0,0.0,0.3499999940395355,0.6499999761581421,0.0
2021-08-18,380,0.7158918920997764,-0.013089239212904448,-0.012440084479749203,-0.012440084479749203,0.0,0.0,0.3499999940395355,0.6499999761581421,0.0
2021-08-19,381,0.7061497710357884,-0.014288156092844236,-0.013608369044959545,-0.013608369044959545,0.0,0.0,0.3499999940395355,0.6499999761581421,0.0
2021-08-20,382,0.717596123837403,0.015449932732215597,0.017609525471925735,0.016209525614976884,1.3999998569488525,0.0013999998569488527,0.15000000596046448,0.15000000596046448,0.699999988079071
2021-08-23,383,0.7401217506955365,0.030420612688267967,0.032790396362543106,0.031390396505594255,1.3999998569488525,0.0013999998569488527,0.6499999761581421,0.3499999940395355,0.0
2021-08-24,384,0.7409904485310419,0.00026984358601535253,0.002573722740635276,0.0011737228836864232,1.3999998569488525,0.0013999998569488527,0.15000000596046448,0.15000000596046448,0.699999988079071
2021-08-25,385,0.7384896809234035,-0.00425682050984004,-0.003374898573383689,-0.003374898573383689,0.0,0.0,0.15000000596046448,0.15000000596046448,0.699999988079071
2021-08-26,386,0.7735019510690235,0.04617862564545328,0.04881064221262932,0.04741064235568047,1.3999998569488525,0.0013999998569488527,0.6499999761581421,0.3499999940395355,0.0
2021-08-27,387,0.8039395260300624,0.03793926981539601,0.03935035318136215,0.03935035318136215,0.0,0.0,0.6499999761581421,0.3499999940395355,0.0
2021-08-30,388,0.8065066033613126,0.0017992960774629412,0.004593122284859419,0.003193122427910566,1.3999998569488525,0.0013999998569488527,0.15000000596046448,0.15000000596046448,0.699999988079071
2021-08-31,389,0.8096519243852743,0.0025071969970391433,0.0038999321404844522,0.0038999321404844522,0.0,0.0,0.15000000596046448,0.15000000596046448,0.699999988079071
2021-09-01,390,0.7929235788625585,-0.022116156260691168,-0.019261157140135765,-0.020661156997084616,1.3999998569488525,0.0013999998569488527,0.6499999761581421,0.3499999940395355,0.0
2021-09-02,391,0.8061142493337341,0.015162126389546293,0.017235487699508667,0.016635487735271452,0.5999999642372131,0.0005999999642372131,0.3499999940395355,0.6499999761581421,0.0
2021-09-03,392,0.796442933775669,-0.013494550640371696,-0.011397450231015682,-0.011997450195252895,0.5999999642372131,0.0005999999642372131,0.6499999761581421,0.3499999940395355,0.0
2021-09-07,393,0.7957520544444356,-0.002362577081976636,0.0005325436941348016,-0.000867456162814051,1.3999998569488525,0.0013999998569488527,0.15000000596046448,0.15000000596046448,0.699999988079071
2021-09-08,394,0.8542771653313355,0.07158097025557024,0.07494691759347916,0.0735469177365303,1.3999998569488525,0.0013999998569488527,0.3499999940395355,0.6499999761581421,0.0
2021-09-09,395,0.8388749538247332,-0.020037622956045175,-0.017429525032639503,-0.018029524996876718,0.5999999642372131,0.0005999999642372131,0.6499999761581421,0.3499999940395355,0.0
2021-09-10,396,0.8278864160780973,-0.015130570146621204,-0.013099136762320995,-0.013099136762320995,0.0,0.0,0.6499999761581421,0.3499999940395355,0.0
2021-09-13,397,0.8487659437246278,0.023152666459261558,0.02522028051316738,0.02522028051316738,0.0,0.0,0.6499999761581421,0.3499999940395355,0.0
2021-09-14,398,0.850909225863099,0.00045822629804775656,0.0025251745246350765,0.0025251745246350765,0.0,0.0,0.6499999761581421,0.3499999940395355,0.0
2021-09-15,399,0.8465014693160096,-0.0072534847152092245,-0.0037800550926476717,-0.005180054949596525,1.3999998569488525,0.0013999998569488527,0.15000000596046448,0.15000000596046448,0.699999988079071
2021-09-16,400,0.8450420363129653,-0.003796121329117875,-0.00032407630351372063,-0.0017240761604625733,1.3999998569488525,0.0013999998569488527,0.6499999761581421,0.3499999940395355,0.0
2021-09-17,401,0.8434646650769027,-0.003940157234178165,-0.0015666186809539795,-0.001866618663072586,0.29999998211860657,0.00029999998211860656,0.5,0.5,0.0
2021-09-20,402,0.8226169313016217,-0.026853988724573574,-0.024416783824563026,-0.024716783806681634,0.29999998211860657,0.00029999998211860656,0.3499999940395355,0.6499999761581421,0.0
2021-09-21,403,0.819757777191649,-0.005614188040365575,-0.0020756812300533056,-0.0034756810870021585,1.3999998569488525,0.0013999998569488527,0.15000000596046448,0.15000000596046448,0.699999988079071
2021-09-22,404,0.8209808017412522,-0.0006450108961879165,0.001491934061050415,0.001491934061050415,0.0,0.0,0.15000000596046448,0.15000000596046448,0.699999988079071
2021-09-23,405,0.8224048255567706,-0.0003660502555490224,0.003134539583697915,0.0017345397267490624,1.3999998569488525,0.0013999998569488527,0.3499999940395355,0.6499999761581421,0.0
2021-09-24,406,0.820972974971102,-0.003825734541957075,-0.001141053275205195,-0.001741053239442408,0.5999999642372131,0.0005999999642372131,0.6499999761581421,0.3499999940395355,0.0
2021-09-27,407,0.8233117463754517,0.0007682442058924623,0.0028487800154834986,0.0028487800154834986,0.0,0.0,0.6499999761581421,0.3499999940395355,0.0
2021-09-28,408,0.8205133347153424,-0.005474177487411051,-0.0019989698193967342,-0.003398969676345587,1.3999998569488525,0.0013999998569488527,0.15000000596046448,0.15000000596046448,0.699999988079071
2021-09-29,409,0.825214296466566,0.0036542121721597734,0.007129293400794268,0.005729293543845415,1.3999998569488525,0.0013999998569488527,0.6499999761581421,0.3499999940395355,0.0
2021-09-30,410,0.8380528834259989,0.01349836231746333,0.015557882376015186,0.015557882376015186,0.0,0.0,0.6499999761581421,0.3499999940395355,0.0
2021-10-01,411,0.8545269150366445,0.017614217580769236,0.020257508382201195,0.01965750841796398,0.5999999642372131,0.0005999999642372131,0.3499999940395355,0.6499999761581421,0.0
2021-10-04,412,0.8533899102625913,-0.0033705628000909767,6.943348853383213e-05,-0.0013305663684150205,1.3999998569488525,0.0013999998569488527,0.15000000596046448,0.15000000596046448,0.699999988079071
2021-10-05,413,0.8578374403854999,0.003226854367523122,0.005211603827774525,0.005211603827774525,0.0,0.0,0.15000000596046448,0.15000000596046448,0.699999988079071
2021-10-06,414,0.8610278062593087,0.0017354934784567923,0.0037190797738730907,0.0037190797738730907,0.0,0.0,0.15000000596046448,0.15000000596046448,0.699999988079071
2021-10-07,415,0.8590395486106716,-0.004291308478333316,-0.002309167757630348,-0.002309167757630348,0.0,0.0,0.15000000596046448,0.15000000596046448,0.699999988079071
2021-10-08,416,0.857027510860305,-0.0041664485402122965,-0.002342194551602006,-0.002342194551602006,0.0,0.0,0.15000000596046448,0.15000000596046448,0.699999988079071
2021-10-11,417,0.8561359189963359,-0.0027404919647123997,-0.0010403305059298873,-0.0010403305059298873,0.0,0.0,0.15000000596046448,0.15000000596046448,0.699999988079071
2021-10-12,418,0.8553109451264098,-0.0026646230945348835,-0.00096360151655972,-0.00096360151655972,0.0,0.0,0.15000000596046448,0.15000000596046448,0.699999988079071
2021-10-13,419,0.8534661568038645,-0.003859223420424704,-0.0021568627562373877,-0.0021568627562373877,0.0,0.0,0.15000000596046448,0.15000000596046448,0.699999988079071
2021-10-14,420,0.8636647195377094,0.0102911996476276,0.013349580578505993,0.01194958072155714,1.3999998569488525,0.0013999998569488527,0.6499999761581421,0.3499999940395355,0.0
2021-10-15,421,0.859755488755952,-0.006170094582828691,-0.0031263292767107487,-0.0045263291336596016,1.3999998569488525,0.0013999998569488527,0.15000000596046448,0.15000000596046448,0.699999988079071
2021-10-18,422,0.8491268142923349,-0.014007273591970607,-0.010962438769638538,-0.012362438626587391,1.3999998569488525,0.0013999998569488527,0.6499999761581421,0.3499999940395355,0.0
2021-10-19,423,0.8544041885800359,0.004569813325348854,0.007615060079842806,0.006215060222893953,1.3999998569488525,0.0013999998569488527,0.15000000596046448,0.15000000596046448,0.699999988079071
2021-10-20,424,0.853928586367434,-0.001539815915914151,0.0008433520561084151,-0.0005566478008404375,1.3999998569488525,0.0013999998569488527,0.6499999761581421,0.3499999940395355,0.0
2021-10-21,425,0.8349847551638047,-0.0231953748982552,-0.022184327244758606,-0.022184327244758606,0.0,0.0,0.6499999761581421,0.3499999940395355,0.0
2021-10-22,426,0.8294367990011884,-0.007634188877928728,-0.0052443803288042545,-0.006644380185753107,1.3999998569488525,0.0013999998569488527,0.15000000596046448,0.15000000596046448,0.699999988079071
2021-10-25,427,0.8227967900377879,-0.008888201808967981,-0.006605443079024553,-0.008005442935973406,1.3999998569488525,0.0013999998569488527,0.3499999940395355,0.6499999761581421,0.0
2021-10-26,428,0.809913100333794,-0.01657662405616818,-0.015658410266041756,-0.015658410266041756,0.0,0.0,0.3499999940395355,0.6499999761581421,0.0
2021-10-27,429,0.8058985984868823,-0.005874639304989369,-0.004956706892699003,-0.004956706892699003,0.0,0.0,0.3499999940395355,0.6499999761581421,0.0
2021-10-28,430,0.8089499208113002,0.0028632468917067764,0.003786236047744751,0.003786236047744751,0.0,0.0,0.3499999940395355,0.6499999761581421,0.0
2021-10-29,431,0.8148381100239019,0.006342812867670732,0.0072788055986166,0.0072788055986166,0.0,0.0,0.3499999940395355,0.6499999761581421,0.0
2021-11-01,432,0.830032097421679,0.017752524240127982,0.018646633252501488,0.018646633252501488,0.0,0.0,0.3499999940395355,0.6499999761581421,0.0
2021-11-02,433,0.8253194362059162,-0.006575791006256057,-0.004277685657143593,-0.005677685514092446,1.3999998569488525,0.0013999998569488527,0.15000000596046448,0.15000000596046448,0.699999988079071
2021-11-03,434,0.8250262122692631,-0.0012531622842009134,-0.0003552853886503726,-0.0003552853886503726,0.0,0.0,0.15000000596046448,0.15000000596046448,0.699999988079071
2021-11-04,435,0.824727737267129,-0.0012592507074440326,-0.0003617763868533075,-0.0003617763868533075,0.0,0.0,0.15000000596046448,0.15000000596046448,0.699999988079071
2021-11-05,436,0.8097128848327562,-0.01916154665685801,-0.016805829480290413,-0.018205829337239264,1.3999998569488525,0.0013999998569488527,0.6499999761581421,0.3499999940395355,0.0
2021-11-08,437,0.832374556518092,0.02690483625021143,0.02858729287981987,0.027987292915582655,0.5999999642372131,0.0005999999642372131,0.3499999940395355,0.6499999761581421,0.0
2021-11-09,438,0.8275101521053534,-0.006930226908678919,-0.004444009158760309,-0.005844009015709162,1.3999998569488525,0.0013999998569488527,0.15000000596046448,0.15000000596046448,0.699999988079071
2021-11-10,439,0.8132285352137522,-0.018384409045001035,-0.01725853979587555,-0.01725853979587555,0.0,0.0,0.15000000596046448,0.15000000596046448,0.699999988079071
2021-11-11,440,0.817604571542493,0.004289039740492336,0.005381065886467695,0.005381065886467695,0.0,0.0,0.15000000596046448,0.15000000596046448,0.699999988079071
2021-11-12,441,0.8042568820382435,-0.017383590615587113,-0.014925360679626465,-0.016325360655784608,1.399999976158142,0.001399999976158142,0.5,0.5,0.0
2021-11-15,442,0.7917218605157099,-0.0166718079739593,-0.015285843051970005,-0.015585843034088612,0.29999998211860657,0.00029999998211860656,0.3499999940395355,0.6499999761581421,0.0
2021-11-16,443,0.795940701377922,0.004242448765553861,0.005328690633177757,0.005328690633177757,0.0,0.0,0.3499999940395355,0.6499999761581421,0.0
2021-11-17,444,0.792932044485011,-0.004860408116657668,-0.0037800013087689877,-0.0037800013087689877,0.0,0.0,0.3499999940395355,0.6499999761581421,0.0
2021-11-18,445,0.7721985513302054,-0.02730737776896133,-0.026147881522774696,-0.026147881522774696,0.0,0.0,0.3499999940395355,0.6499999761581421,0.0
2021-11-19,446,0.7673039838664849,-0.007498892151639416,-0.004938483238220215,-0.006338483095169068,1.3999998569488525,0.0013999998569488527,0.15000000596046448,0.15000000596046448,0.699999988079071
2021-11-22,447,0.7569849183351668,-0.014621026224056179,-0.013448471203446388,-0.013448471203446388,0.0,0.0,0.15000000596046448,0.15000000596046448,0.699999988079071
2021-11-23,448,0.7607333398526667,0.0037693080255951335,0.004951778333634138,0.004951778333634138,0.0,0.0,0.15000000596046448,0.15000000596046448,0.699999988079071
2021-11-24,449,0.7571551824250683,-0.005885717160901515,-0.003303563455119729,-0.004703563312068582,1.3999998569488525,0.0013999998569488527,0.6499999761581421,0.3499999940395355,0.0
2021-11-26,450,0.7472701403905332,-0.014210718327794336,-0.013055503368377686,-0.013055503368377686,0.0,0.0,0.6499999761581421,0.3499999940395355,0.0
2021-11-29,451,0.7370978724194456,-0.014778670664191113,-0.01361257117241621,-0.01361257117241621,0.0,0.0,0.6499999761581421,0.3499999940395355,0.0
2021-11-30,452,0.7209824424503527,-0.02306134665511376,-0.021263351663947105,-0.02186335162818432,0.5999999642372131,0.0005999999642372131,0.3499999940395355,0.6499999761581421,0.0
2021-12-01,453,0.72313139826608,0.0017916490444243528,0.0029805938247591257,0.0029805938247591257,0.0,0.0,0.3499999940395355,0.6499999761581421,0.0
2021-12-02,454,0.7227891555676069,-0.0016623393731529385,0.0009267211426049471,-0.0004732787143439056,1.3999998569488525,0.0013999998569488527,0.15000000596046448,0.15000000596046448,0.699999988079071
2021-12-03,455,0.7163320504459667,-0.010083726387027031,-0.007533594500273466,-0.008933594357222319,1.3999998569488525,0.0013999998569488527,0.6499999761581421,0.3499999940395355,0.0
2021-12-06,456,0.71550032040686,-0.002312872433511763,0.00023890419106464833,-0.0011610956658842043,1.3999998569488525,0.0013999998569488527,0.15000000596046448,0.15000000596046448,0.699999988079071
2021-12-07,457,0.7357100279605819,0.02695184354711713,0.029645560309290886,0.028245560452342035,1.3999998569488525,0.0013999998569488527,0.6499999761581421,0.3499999940395355,0.0
2021-12-08,458,0.7324068178819035,-0.005764346007442581,-0.003889826126396656,-0.004489826090633869,0.5999999642372131,0.0005999999642372131,0.3499999940395355,0.6499999761581421,0.0
2021-12-09,459,0.723695704014432,-0.013177455946504643,-0.011593818664550781,-0.011893818646669389,0.29999998211860657,0.00029999998211860656,0.5,0.5,0.0
2021-12-10,460,0.7147211056217454,-0.013686971423156105,-0.012101066298782825,-0.012401066280901433,0.29999998211860657,0.00029999998211860656,0.6499999761581421,0.3499999940395355,0.0
2021-12-13,461,0.7006286317329437,-0.021015414953691313,-0.01911744475364685,-0.019717444717884065,0.5999999642372131,0.0005999999642372131,0.3499999940395355,0.6499999761581421,0.0
2021-12-14,462,0.7013881270909289,-0.00014398128255802673,0.0013840198516845703,0.0010840198695659638,0.29999998211860657,0.00029999998211860656,0.5,0.5,0.0
2021-12-15,463,0.7005713425580815,-0.00239500661210066,-0.0011645257472991943,-0.0011645257472991943,0.0,0.0,0.5,0.5,0.0
2021-12-16,464,0.701764308483328,0.00046901916520341496,0.002002847148105502,0.0017028471659868956,0.29999998211860657,0.00029999998211860656,0.6499999761581421,0.3499999940395355,0.0
2021-12-17,465,0.7105968992567873,0.011313860864512805,0.013186263851821423,0.01258626388758421,0.5999999642372131,0.0005999999642372131,0.3499999940395355,0.6499999761581421,0.0
2021-12-20,466,0.7088660985287188,-0.003684282834132799,-0.0024356998037546873,-0.0024356998037546873,0.0,0.0,0.3499999940395355,0.6499999761581421,0.0
2021-12-21,467,0.713991523390844,0.0061122603941082786,0.00863045547157526,0.007230455614626407,1.3999998569488525,0.0013999998569488527,0.15000000596046448,0.15000000596046448,0.699999988079071
2021-12-22,468,0.7192846567181799,0.006273321005745021,0.00881343986839056,0.007413440011441707,1.3999998569488525,0.0013999998569488527,0.6499999761581421,0.3499999940395355,0.0
2021-12-23,469,0.7200900877949905,1.401107398489674e-07,0.0017197667621076107,0.0011197667978703977,0.5999999642372131,0.0005999999642372131,0.3499999940395355,0.6499999761581421,0.0
2021-12-27,470,0.7222428020866639,0.0018757402457384624,0.0043895067647099495,0.0029895069077610966,1.3999998569488525,0.0013999998569488527,0.15000000596046448,0.15000000596046448,0.699999988079071
2021-12-28,471,0.7129955637088996,-0.013906083687008313,-0.011403503827750683,-0.012803503684699536,1.3999998569488525,0.0013999998569488527,0.6499999761581421,0.3499999940395355,0.0
2021-12-29,472,0.7088065349265322,-0.006957247104746985,-0.005275252275168896,-0.005875252239406109,0.5999999642372131,0.0005999999642372131,0.3499999940395355,0.6499999761581421,0.0
2021-12-30,473,0.7132618501199789,0.005200891074357756,0.006585657596588135,0.006285657614469528,0.29999998211860657,0.00029999998211860656,0.5,0.5,0.0
2021-12-31,474,0.708989233610073,-0.007075870197083859,-0.005690249614417553,-0.0059902495965361595,0.29999998211860657,0.00029999998211860656,0.3499999940395355,0.6499999761581421,0.0
2022-01-03,475,0.7150605571919478,0.007540359279368349,0.008563350886106491,0.008563350886106491,0.0,0.0,0.3499999940395355,0.6499999761581421,0.0
2022-01-04,476,0.7163799138014577,0.000821775923317188,0.0032450975850224495,0.0018450977280735968,1.3999998569488525,0.0013999998569488527,0.15000000596046448,0.15000000596046448,0.699999988079071
2022-01-05,477,0.7134793553432327,-0.005051598949445678,-0.004048910923302174,-0.004048910923302174,0.0,0.0,0.15000000596046448,0.15000000596046448,0.699999988079071
2022-01-06,478,0.7135381442315826,-0.0009129483134503733,8.239746239269152e-05,8.239746239269152e-05,0.0,0.0,0.15000000596046448,0.15000000596046448,0.699999988079071
2022-01-07,479,0.7265643828649961,0.01719732338686709,0.01965584047138691,0.01825584061443806,1.3999998569488525,0.0013999998569488527,0.6499999761581421,0.3499999940395355,0.0
2022-01-10,480,0.7324324896458605,0.007028185663282282,0.008676513098180294,0.008076513133943081,0.5999999642372131,0.0005999999642372131,0.3499999940395355,0.6499999761581421,0.0
2022-01-11,481,0.7329303733150143,-0.00034050341272663827,0.0020797671750187874,0.0006797673180699347,1.3999998569488525,0.0013999998569488527,0.15000000596046448,0.15000000596046448,0.699999988079071
2022-01-12,482,0.7288322893162752,-0.0065350755636209784,-0.005591368768364191,-0.005591368768364191,0.0,0.0,0.15000000596046448,0.15000000596046448,0.699999988079071
2022-01-13,483,0.7231557526917873,-0.008742194062824286,-0.007788536138832569,-0.007788536138832569,0.0,0.0,0.15000000596046448,0.15000000596046448,0.699999988079071
2022-01-14,484,0.7113813664069284,-0.017279682276939004,-0.014881950803101063,-0.016281950660049914,1.3999998569488525,0.0013999998569488527,0.6499999761581421,0.3499999940395355,0.0
2022-01-18,485,0.7046472254773399,-0.010465568662698252,-0.008066288195550442,-0.009466288052499295,1.3999998569488525,0.0013999998569488527,0.15000000596046448,0.15000000596046448,0.699999988079071
2022-01-19,486,0.7045839772717168,-0.0010889874781881957,0.001310241175815463,-8.97586811333896e-05,1.3999998569488525,0.0013999998569488527,0.3499999940395355,0.6499999761581421,0.0
2022-01-20,487,0.7006272771585378,-0.006464094402959416,-0.005615654401481152,-0.005615654401481152,0.0,0.0,0.3499999940395355,0.6499999761581421,0.0
2022-01-21,488,0.6787931911347372,-0.03216395137024157,-0.031163625419139862,-0.031163625419139862,0.0,0.0,0.3499999940395355,0.6499999761581421,0.0
2022-01-24,489,0.6593568540963088,-0.029727282426047587,-0.028633665293455124,-0.028633665293455124,0.0,0.0,0.3499999940395355,0.6499999761581421,0.0
2022-01-25,490,0.6695392682274016,0.014315111015372344,0.015442948788404465,0.015442948788404465,0.0,0.0,0.3499999940395355,0.6499999761581421,0.0
2022-01-26,491,0.6542857960811631,-0.02392703906447075,-0.022782042622566223,-0.022782042622566223,0.0,0.0,0.3499999940395355,0.6499999761581421,0.0
2022-01-27,492,0.6621115299744932,0.010788959392720699,0.011960727162659168,0.011960727162659168,0.0,0.0,0.3499999940395355,0.6499999761581421,0.0
2022-01-28,493,0.670167670489774,0.010968846563541386,0.01216734666377306,0.01216734666377306,0.0,0.0,0.3499999940395355,0.6499999761581421,0.0
2022-01-31,494,0.6707554655753797,-0.0003207911235814559,0.0014770865673199296,0.0008770866030827165,0.5999999642372131,0.0005999999642372131,0.6499999761581421,0.3499999940395355,0.0
2022-02-01,495,0.6692838533094124,-0.0033632200311733184,-0.0015939624281600118,-0.0021939623923972248,0.5999999642372131,0.0005999999642372131,0.3499999940395355,0.6499999761581421,0.0
2022-02-02,496,0.6557238790519498,-0.021475166479017597,-0.02026042342185974,-0.02026042342185974,0.0,0.0,0.3499999940395355,0.6499999761581421,0.0
2022-02-03,497,0.6452700396014459,-0.017166369466017243,-0.015942441299557686,-0.015942441299557686,0.0,0.0,0.3499999940395355,0.6499999761581421,0.0
2022-02-04,498,0.6464163262350625,0.000564831469988446,0.001776444842107594,0.001776444842107594,0.0,0.0,0.3499999940395355,0.6499999761581421,0.0
2022-02-07,499,0.6461984578021635,-0.001547091385353051,0.0010629594326019287,-0.00033704042434692396,1.3999998569488525,0.0013999998569488527,0.15000000596046448,0.15000000596046448,0.699999988079071
2022-02-08,500,0.6610798614683675,0.021732733384660956,0.02442915365099907,0.023029153794050218,1.3999998569488525,0.0013999998569488527,0.6499999761581421,0.3499999940395355,0.0
2022-02-09,501,0.6953797924070412,0.05027216286622727,0.05218470096588135,0.051884700983762744,0.29999998211860657,0.00029999998211860656,0.5,0.5,0.0
2022-02-10,502,0.6884920226890822,-0.01152350434453961,-0.009605047293007374,-0.009905047275125981,0.29999998211860657,0.00029999998211860656,0.6499999761581421,0.3499999940395355,0.0
2022-02-11,503,0.6716764392436438,-0.026090348494387128,-0.02382378838956356,-0.024423788353800775,0.5999999642372131,0.0005999999642372131,0.3499999940395355,0.6499999761581421,0.0
2022-02-14,504,0.6695040541403059,-0.004899291520819896,-0.001834273338317871,-0.003234273195266724,1.3999998569488525,0.0013999998569488527,0.15000000596046448,0.15000000596046448,0.699999988079071
2022-02-15,505,0.6784160374594088,0.011634341464469499,0.013311320915818214,0.013311320915818214,0.0,0.0,0.15000000596046448,0.15000000596046448,0.699999988079071
2022-02-16,506,0.6749860312175325,-0.006732716022441355,-0.003655903972685337,-0.00505590382963419,1.3999998569488525,0.0013999998569488527,0.6499999761581421,0.3499999940395355,0.0
2022-02-17,507,0.6534975453437515,-0.033596520413594,-0.031235452741384506,-0.03183545270562172,0.5999999642372131,0.0005999999642372131,0.3499999940395355,0.6499999761581421,0.0
2022-02-18,508,0.6212309345449991,-0.05132347213868105,-0.04877525940537453,-0.04937525936961174,0.5999999642372131,0.0005999999642372131,0.6499999761581421,0.3499999940395355,0.0
2022-02-22,509,0.6142941519895639,-0.013071378253217626,-0.010566189885139465,-0.011166189849376678,0.5999999642372131,0.0005999999642372131,0.3499999940395355,0.6499999761581421,0.0
2022-02-23,510,0.5906741351541669,-0.040427865089093525,-0.038450662046670914,-0.038450662046670914,0.0,0.0,0.3499999940395355,0.6499999761581421,0.0
2022-02-24,511,0.521686866824283,-0.11957955020156538,-0.11679412424564362,-0.11679412424564362,0.0,0.0,0.3499999940395355,0.6499999761581421,0.0
2022-02-25,512,0.5147649566494621,-0.01605231354603169,-0.013268323615193367,-0.013268323615193367,0.0,0.0,0.3499999940395355,0.6499999761581421,0.0
